train_number,seq,station_code,station_name,day,arrival,departure,halt_min,distance_km
11021,1,DR,DADAR,1,,21:30,0,0
11021,2,KYN,KALYAN JN,1,22:07,22:10,3,44
11021,3,KJT,KARJAT,1,22:57,23:00,3,91
11021,4,PUNE,PUNE JN,2,00:55,01:00,5,183
11021,5,STR,SATARA,2,03:47,03:50,3,328
11021,6,KRD,KARAD,2,04:42,04:45,3,386
11021,7,SLI,SANGLI,2,05:57,06:00,3,455
11021,8,MRJ,MIRAJ JN.,2,06:25,06:30,5,462
11021,9,KUD,KUDACHI,2,06:59,07:00,1,495
11021,10,GPB,GHATPRABHA,2,07:41,07:43,2,541
11021,11,BGM,BELAGAVI,2,08:55,09:00,5,599
11021,12,LD,LONDA JN,2,09:58,10:00,2,650
11021,13,LWR,ALNAVAR JN,2,10:39,10:40,1,683
11021,14,DWR,DHARWAR,2,11:28,11:30,2,720
11021,15,UBL,SSS HUBBALLI JN,2,12:00,12:10,10,740
11021,16,HVR,HAVERI,2,13:13,13:15,2,815
11021,17,RNR,RANIBENNUR,2,13:38,13:40,2,848
11021,18,HRR,HARIHAR,2,13:58,14:00,2,871
11021,19,DVG,DAVANGERE,2,14:13,14:15,2,884
11021,20,JRU,CHIKJAJUR JN,2,14:49,14:50,1,930
11021,21,RRB,BIRUR JN,2,15:35,15:37,2,998
11021,22,DRU,KADUR,2,15:45,15:47,2,1004
11021,23,ASK,ARSIKERE JN,2,16:20,16:30,10,1043
11021,24,TTR,TIPTUR,2,17:08,17:10,2,1069
11021,25,TK,TUMKUR,2,17:55,17:57,2,1139
11021,26,BAW,CHIK BANAVAR,2,19:13,19:15,2,1196
11021,27,SMVB,SMVT BENGALURU,2,21:15,21:20,5,1218
11021,28,HSRA,HOSUR,2,22:28,22:30,2,1270
11021,29,DPJ,DHARMAPURI,3,00:09,00:10,1,1363
11021,30,SA,SALEM JN,3,03:20,03:30,10,1430
11021,31,NMKL,NAMAKKAL,3,04:29,04:30,1,1481
11021,32,KRR,KARUR JN.,3,05:18,05:20,2,1515
11021,33,DG,DINDIGUL JN,3,06:50,06:55,5,1589
11021,34,MDU,MADURAI JN,3,08:00,08:05,5,1655
11021,35,VPT,VIRUDUNAGAR JN,3,08:38,08:40,2,1698
11021,36,SRT,SATUR,3,08:58,09:00,2,1725
11021,37,CVP,KOVILPATTI,3,09:18,09:20,2,1746
11021,38,TEN,TIRUNELVELI JN,3,10:40,,0,1811
11028,1,STR,SATARA,1,,15:30,0,0
11028,2,KRG,KOREGAON,1,15:41,15:43,2,11
11028,3,MSR,MASUR,1,16:05,16:06,1,45
11028,4,KRD,KARAD,1,16:22,16:25,3,58
11028,5,TKR,TAKARI,1,16:53,16:55,2,85
11028,6,KOV,KIRLOSKARVADI,1,17:08,17:10,2,93
11028,7,BVQ,BHILAVDI,1,17:23,17:25,2,107
11028,8,SLI,SANGLI,1,17:47,17:50,3,127
11028,9,MRJ,MIRAJ JN.,1,18:25,18:35,10,134
11028,10,KVK,KAVATHE MAHANKAL,1,19:18,19:20,2,179
11028,11,DLGN,DHALGAON,1,19:33,19:35,2,195
11028,12,JTRD,JATH ROAD,1,19:48,19:50,2,213
11028,13,MSDG,MHASOBA DONGARGAON,1,19:54,19:55,1,220
11028,14,SGLA,SANGOLA,1,20:13,20:15,2,241
11028,15,PVR,PANDHARPUR,1,21:05,21:10,5,271
11028,16,KWV,KURDUVADI JN.,1,22:00,22:20,20,323
11028,17,KEM,KEM,1,22:53,22:55,2,341
11028,18,JEUR,JEUR,1,23:08,23:10,2,357
11028,19,BGVN,BHIGWAN,2,00:13,00:15,2,404
11028,20,DD,DAUND JN,2,00:50,00:55,5,432
11028,21,KDG,KEDGAON,2,01:13,01:15,2,453
11028,22,URI,URULI,2,01:33,01:35,2,479
11028,23,PUNE,PUNE JN,2,02:15,02:20,5,507
11028,24,CCH,CHINCHVAD,2,02:38,02:40,2,523
11028,25,TGN,TALEGAON,2,02:58,03:00,2,541
11028,26,LNL,LONAVALA,2,03:50,03:52,2,571
11028,27,KYN,KALYAN JN,2,05:30,05:32,2,645
11028,28,TNA,THANE,2,05:52,05:55,3,666
11028,29,DR,DADAR,2,06:35,,0,690
11080,1,GKP,GORAKHPUR JN,1,,05:05,0,0
11080,2,ANDN,ANAND NAGAR,1,06:01,06:06,5,41
11080,3,SDDN,SIDDHARTH NAGAR,1,06:29,06:31,2,72
11080,4,BNY,BARHNI,1,07:10,07:15,5,113
11080,5,PPW,PACHPERWA,1,07:27,07:29,2,128
11080,6,GIR,GAINSARI JN,1,07:39,07:41,2,137
11080,7,TLR,TULSIPUR,1,07:56,08:01,5,151
11080,8,KPE,KAUWAPUR,1,08:12,08:14,2,162
11080,9,JKNI,JHARKHANDI,1,08:39,08:41,2,178
11080,10,BLP,BALRAMPUR,1,08:58,09:00,2,181
11080,11,GD,GONDA JN,1,10:25,10:30,5,220
11080,12,CLJ,COLONELGANJ,1,10:54,10:56,2,248
11080,13,JLD,JARWAL ROAD,1,11:12,11:14,2,265
11080,14,BBK,BARABANKI JN,1,12:49,12:51,2,308
11080,15,LKO,LUCKNOW JN.,1,13:50,14:00,10,336
11080,16,CNB,KANPUR CENTRAL,1,15:55,16:00,5,410
11080,17,PHN,POKHRAYAN,1,16:58,17:00,2,468
11080,18,ORAI,ORAI,1,17:34,17:36,2,516
11080,19,VGLJ,VIRANGANA LAKSHMIBAI JHANSI JN,1,19:50,19:58,8,630
11080,20,BHS,VIDISHA,1,23:35,23:37,2,866
11080,21,RKMP,RANI KAMALAPATI,2,00:35,00:40,5,925
11080,22,ET,ITARSI JN,2,02:20,02:30,10,1011
11080,23,HD,HARDA,2,03:22,03:24,2,1087
11080,24,KNW,KHANDWA JUNCTION,2,05:23,05:25,2,1193
11080,25,BSL,BHUSAVAL JN,2,07:20,07:25,5,1317
11080,26,NK,NASIK ROAD,2,10:40,10:43,3,1574
11080,27,KYN,KALYAN JN,2,13:32,13:35,3,1708
11080,28,LTT,LOKMANYATILAK,2,15:10,,0,1745
11140,1,HPT,HOSAPETE JUNCTION,1,,13:40,0,0
11140,2,MRB,MUNIRABAD,1,13:47,13:48,1,6
11140,3,KBL,KOPPAL,1,14:02,14:04,2,28
11140,4,GDG,GADAG JN,1,15:00,15:05,5,85
11140,5,BDM,BADAMI,1,16:13,16:14,1,152
11140,6,BGK,BAGALKOT,1,16:43,16:45,2,178
11140,7,LMT,ALMATTI,1,17:34,17:35,1,213
11140,8,BJP,VIJAYAPURA,1,18:35,18:40,5,275
11140,9,SUR,SOLAPUR JN,1,20:40,20:45,5,383
11140,10,KWV,KURDUVADI JN.,1,21:43,21:45,2,462
11140,11,PUNE,PUNE JN,2,01:05,01:10,5,646
11140,12,LNL,LONAVALA,2,02:05,02:07,2,711
11140,13,KYN,KALYAN JN,2,03:33,03:36,3,787
11140,14,TNA,THANE,2,03:51,03:53,2,807
11140,15,DR,DADAR,2,04:21,04:24,3,831
11140,16,CSMT,C SHIVAJI MAH T,2,05:10,,0,840
11416,1,HPT,HOSAPETE JUNCTION,1,,00:15,0,0
11416,2,MRB,MUNIRABAD,1,00:23,00:24,1,6
11416,3,HTNL,HITNAL,1,00:29,00:30,1,10
11416,4,GIN,GINIGERA,1,00:39,00:40,1,17
11416,5,KBL,KOPPAL,1,00:53,00:55,2,28
11416,6,BNP,BHANAPUR,1,01:09,01:10,1,40
11416,7,BNA,BANNI KOPPA,1,01:19,01:20,1,50
11416,8,SOQ,SOMPUR ROAD,1,01:29,01:30,1,58
11416,9,RLP,HARLAPUR,1,01:39,01:40,1,67
11416,10,KGX,KANGINHAL,1,01:49,01:50,1,77
11416,11,GDG,GADAG JN,1,02:02,02:07,5,85
11416,12,HBL,HOMBAL,1,02:24,02:25,1,97
11416,13,BLR,BALGANUR,1,02:34,02:35,1,106
11416,14,MLP,MALLAPUR,1,02:44,02:45,1,115
11416,15,HLAR,HOLE ALUR,1,03:05,03:06,1,133
11416,16,LKY,LAKHMAPUR,1,03:18,03:19,1,140
11416,17,BDM,BADAMI,1,03:29,03:30,1,152
11416,18,GED,GULEDAGUDDA RD,1,03:44,03:45,1,165
11416,19,BGK,BAGALKOT,1,04:08,04:10,2,178
11416,20,MGL,MUGALALLI HALT,1,04:23,04:24,1,186
11416,21,JRKT,JADARAMA KUNTE,1,04:37,04:38,1,197
11416,22,KSAR,KUDALA SANGAM,1,04:54,04:55,1,209
11416,23,LMT,ALMATTI,1,05:04,05:05,1,213
11416,24,BENL,BENL,1,05:14,05:15,1,218
11416,25,WDL,WANDAL,1,05:25,05:26,1,222
11416,26,BSRX,BASAVANA BAGEWADI ROAD,1,05:39,05:40,1,231
11416,27,MVD,MULVAD,1,05:54,05:55,1,249
11416,28,HOH,HONAGANAHALLI,1,06:04,06:05,1,256
11416,29,JML,JUMNAL,1,06:15,06:16,1,261
11416,30,IMR,IBRAHIMPUR,1,06:26,06:27,1,270
11416,31,BJP,VIJAYAPURA,1,06:40,06:45,5,275
11416,32,MNL,MINCHNAL,1,07:05,07:06,1,293
11416,33,NBL,NIMBAL,1,07:24,07:25,1,311
11416,34,CHRG,CHORGI,1,07:34,07:35,1,318
11416,35,IDR,INDI ROAD,1,07:44,07:45,1,325
11416,36,LHN,LACHYAN,1,07:55,07:56,1,335
11416,37,PDNR,PADNUR,1,08:04,08:05,1,341
11416,38,TVL,TADWAL,1,08:14,08:15,1,349
11416,39,SLGE,SULERJAVALGE,1,08:24,08:25,1,356
11416,40,HG,HOTGI,1,08:26,08:28,2,368
11416,41,TKWD,TIKEKARWADI,1,08:53,08:55,2,376
11416,42,SUR,SOLAPUR JN,1,09:30,,0,383
12001,1,RKMP,RANI KAMALAPATI,1,,15:10,0,0
12001,2,BPL,BHOPAL JN.,1,15:22,15:25,3,6
12001,3,BINA,BINA JN,1,17:00,17:02,2,144
12001,4,LAR,LALITPUR,1,17:35,17:36,1,207
12001,5,VGLJ,VIRANGANA LAKSHMIBAI JHANSI JN,1,18:40,18:45,5,296
12001,6,GWL,GWALIOR JN.,1,19:40,19:45,5,394
12001,7,MRA,MORENA,1,20:10,20:11,1,433
12001,8,DHO,DHAULPUR,1,20:45,20:46,1,460
12001,9,AGC,AGRA CANTT JN,1,21:20,21:25,5,513
12001,10,MTJ,MATHURA JN.,1,22:00,22:01,1,566
12001,11,NDLS,NEW DELHI,1,23:50,,0,707
12006,1,KLK,KALKA,1,,06:15,0,0
12006,2,CDG,CHANDIGARH,1,06:45,06:53,8,25
12006,3,UMB,AMBALA CANT JN,1,07:33,07:38,5,70
12006,4,KKDE,KURUKSHETRA JN,1,08:08,08:10,2,111
12006,5,PNP,PANIPAT JN,1,08:50,08:52,2,179
12006,6,NDLS,NEW DELHI,1,10:15,,0,268
12007,1,MAS,PURATCHI THALAIVAR DR. MGR CTL,1,,06:00,0,0
12007,2,KPD,KATPADI JN,1,07:28,07:30,2,130
12007,3,SBC,KSR BENGALURU,1,10:30,10:35,5,354
12007,4,MYS,MYSORE JN,1,13:00,,0,492
12008,1,MYS,MYSORE JN,1,,14:15,0,0
12008,2,SBC,KSR BENGALURU,1,16:05,16:10,5,138
12008,3,KPD,KATPADI JN,1,19:23,19:25,2,362
12008,4,MAS,PURATCHI THALAIVAR DR. MGR CTL,1,21:25,,0,492
12013,1,NDLS,NEW DELHI,1,,16:30,0,0
12013,2,UMB,AMBALA CANT JN,1,18:51,18:53,2,198
12013,3,SIR,SIRHIND JN,1,19:26,19:27,1,252
12013,4,LDH,LUDHIANA JN,1,20:16,20:19,3,312
12013,5,PGW,PHAGWARA JN,1,20:48,20:50,2,348
12013,6,JUC,JALANDHAR CITY,1,21:26,21:28,2,369
12013,7,BEAS,BEAS,1,21:58,22:00,2,405
12013,8,ASR,AMRITSAR,1,23:05,,0,447
12014,1,ASR,AMRITSAR,1,,04:55,0,0
12014,2,BEAS,BEAS,1,05:23,05:25,2,42
12014,3,JUC,JALANDHAR CITY,1,05:58,06:01,3,79
12014,4,PGW,PHAGWARA JN,1,06:19,06:21,2,100
12014,5,LDH,LUDHIANA JN,1,06:57,07:02,5,135
12014,6,SIR,SIRHIND JN,1,07:46,07:48,2,196
12014,7,UMB,AMBALA CANT JN,1,08:31,08:34,3,249
12014,8,NDLS,NEW DELHI,1,11:02,,0,447
12015,1,NDLS,NEW DELHI,1,,06:10,0,0
12015,2,DEC,DELHI CANTT,1,06:38,06:40,2,15
12015,3,GGN,GURGAON,1,06:56,06:58,2,32
12015,4,RE,REWARI JN.,1,07:45,07:47,2,83
12015,5,AWR,ALWAR JUNCTION,1,08:32,08:35,3,157
12015,6,BKI,BANDIKUI JN,1,09:19,09:21,2,218
12015,7,GADJ,GANDHINAGAR JAIPUR,1,10:16,10:19,3,303
12015,8,JP,JAIPUR JN.,1,10:35,10:45,10,308
12015,9,KSG,KISHANGARH,1,12:03,12:05,2,417
12015,10,AII,AJMER JN,1,12:50,13:00,10,442
12015,11,DOZ,DAURAI,1,13:35,,0,449
12016,1,DOZ,DAURAI,1,,15:15,0,0
12016,2,AII,AJMER JN,1,15:40,15:50,10,7
12016,3,KSG,KISHANGARH,1,16:15,16:17,2,32
12016,4,JP,JAIPUR JN.,1,17:25,17:35,10,141
12016,5,GADJ,GANDHINAGAR JAIPUR,1,17:46,17:49,3,147
12016,6,BKI,BANDIKUI JN,1,18:47,18:49,2,232
12016,7,AWR,ALWAR JUNCTION,1,19:34,19:37,3,292
12016,8,RE,REWARI JN.,1,20:40,20:42,2,366
12016,9,GGN,GURGAON,1,21:22,21:24,2,417
12016,10,DEC,DELHI CANTT,1,21:41,21:43,2,434
12016,11,NDLS,NEW DELHI,1,22:30,,0,449
12017,1,NDLS,NEW DELHI,1,,06:45,0,0
12017,2,GZB,GHAZIABAD,1,07:21,07:23,2,26
12017,3,MTC,MEERUT CITY,1,08:01,08:03,2,73
12017,4,MOZ,MUZAFFARNAGAR,1,08:41,08:43,2,128
12017,5,SRE,SAHARANPUR JN.,1,09:50,10:15,25,186
12017,6,RK,ROORKEE,1,10:49,10:51,2,221
12017,7,HW,HARIDWAR JN,1,11:35,11:40,5,262
12017,8,DDN,DEHRADOON,1,12:55,,0,314
12019,1,HWH,HOWRAH JN,1,,06:05,0,0
12019,2,DGR,DURGAPUR,1,07:38,07:40,2,157
12019,3,RNG,RANIGANJ,1,07:56,07:58,2,181
12019,4,ASN,ASANSOL JN.,1,08:12,08:14,2,199
12019,5,DHN,DHANBAD JN,1,09:23,09:28,5,257
12019,6,CRP,CHANDRAPURA,1,10:24,10:26,2,291
12019,7,BKSC,BOKARO STEEL CITY,1,10:55,11:00,5,306
12019,8,MURI,MURI JN,1,11:45,11:47,2,359
12019,9,RNC,RANCHI,1,13:15,,0,422
12020,1,RNC,RANCHI,1,,13:45,0,0
12020,2,MURI,MURI JN,1,14:43,14:45,2,60
12020,3,BKSC,BOKARO STEEL CITY,1,15:45,15:50,5,113
12020,4,CRP,CHANDRAPURA,1,16:31,16:33,2,128
12020,5,DHN,DHANBAD JN,1,17:35,17:40,5,162
12020,6,ASN,ASANSOL JN.,1,18:27,18:29,2,220
12020,7,RNG,RANIGANJ,1,18:44,18:46,2,238
12020,8,DGR,DURGAPUR,1,19:05,19:07,2,262
12020,9,HWH,HOWRAH JN,1,21:20,,0,419
12022,1,BBN,BARBIL,1,,13:45,0,0
12022,2,BJMD,BARA JAMDA,1,13:54,13:56,2,10
12022,3,NOMD,NOAMUNDI,1,14:13,14:15,2,23
12022,4,DPS,DANGOAPOSI,1,14:33,14:35,2,32
12022,5,CBSA,CHAIBASA,1,15:25,15:27,2,88
12022,6,SINI,SINI JN,1,16:08,16:10,2,123
12022,7,TATA,TATANAGAR JN,1,16:40,16:48,8,150
12022,8,GTS,GHATSILA,1,17:31,17:32,1,186
12022,9,JGM,JHARGRAM,1,18:14,18:15,1,246
12022,10,KGP,KHARAGPUR JN,1,18:58,19:00,2,284
12022,11,SRC,SANTRAGACHI JN,1,20:20,20:22,2,393
12022,12,HWH,HOWRAH JN,1,21:00,,0,400
12025,1,PUNE,PUNE JN,1,,06:00,0,0
12025,2,SUR,SOLAPUR JN,1,09:00,09:03,3,263
12025,3,KLBG,KALABURAGI,1,10:23,10:25,2,376
12025,4,WADI,WADI JN.,1,11:18,11:20,2,412
12025,5,TDU,TANDUR,1,12:09,12:10,1,483
12025,6,VKB,VIKARABAD JN,1,12:49,12:50,1,525
12025,7,LPI,LINGAMPALLI,1,13:29,13:30,1,574
12025,8,BMT,BEGAMPET,1,13:39,13:40,1,593
12025,9,HYB,HYDERABAD,1,14:20,,0,600
12027,1,MAS,PURATCHI THALAIVAR DR. MGR CTL,1,,17:30,0,0
12027,2,KPD,KATPADI JN,1,18:58,19:00,2,130
12027,3,JTJ,JOLARPETTAI JN.,1,20:08,20:10,2,214
12027,4,BNC,BANGALORE CANT,1,22:04,22:05,1,349
12027,5,SBC,KSR BENGALURU,1,22:25,,0,354
12028,1,SBC,KSR BENGALURU,1,,06:00,0,0
12028,2,BNC,BANGALORE CANT,1,06:09,06:10,1,4
12028,3,JTJ,JOLARPETTAI JN.,1,07:49,07:50,1,140
12028,4,KPD,KATPADI JN,1,08:53,08:55,2,224
12028,5,MAS,PURATCHI THALAIVAR DR. MGR CTL,1,11:00,,0,354
12030,1,ASR,AMRITSAR,1,,16:50,0,0
12030,2,BEAS,BEAS,1,17:18,17:20,2,42
12030,3,JUC,JALANDHAR CITY,1,17:53,17:56,3,79
12030,4,PGW,PHAGWARA JN,1,18:14,18:16,2,100
12030,5,LDH,LUDHIANA JN,1,18:50,18:55,5,135
12030,6,RPJ,RAJPURA JN,1,19:52,19:54,2,221
12030,7,UMB,AMBALA CANT JN,1,20:26,20:30,4,249
12030,8,NDLS,NEW DELHI,1,22:50,,0,447
12031,1,NDLS,NEW DELHI,1,,07:20,0,0
12031,2,UMB,AMBALA CANT JN,1,09:41,09:43,2,198
12031,3,RPJ,RAJPURA JN,1,10:02,10:04,2,226
12031,4,LDH,LUDHIANA JN,1,11:08,11:11,3,312
12031,5,PGW,PHAGWARA JN,1,11:40,11:42,2,348
12031,6,JUC,JALANDHAR CITY,1,12:06,12:08,2,369
12031,7,BEAS,BEAS,1,12:38,12:40,2,405
12031,8,ASR,AMRITSAR,1,13:30,,0,447
12033,1,CNB,KANPUR CENTRAL,1,,06:00,0,0
12033,2,ETW,ETAWAH JN,1,07:19,07:21,2,139
12033,3,ALJN,ALIGARH JN,1,09:05,09:07,2,309
12033,4,GZB,GHAZIABAD,1,10:33,10:35,2,415
12033,5,NDLS,NEW DELHI,1,11:20,,0,441
12034,1,NDLS,NEW DELHI,1,,15:40,0,0
12034,2,GZB,GHAZIABAD,1,16:12,16:14,2,26
12034,3,ALJN,ALIGARH JN,1,17:18,17:20,2,132
12034,4,ETW,ETAWAH JN,1,19:05,19:07,2,301
12034,5,CNB,KANPUR CENTRAL,1,20:50,,0,441
12035,1,TPU,TANAKPUR,1,,11:20,0,0
12035,2,BNSA,BANBASA,1,11:29,11:31,2,10
12035,3,KHMA,KHATIMA,1,11:48,11:50,2,24
12035,4,MJZ,MAJHOLA PAKARYA,1,11:59,12:01,2,37
12035,5,PBE,PILIBHIT JN,1,12:27,12:32,5,63
12035,6,IZN,IZZATNAGAR JN,1,13:29,13:31,2,114
12035,7,BC,BAREILLY CITY,1,13:48,13:50,2,119
12035,8,BRY,BAREILLY JN,1,14:10,14:15,5,121
12035,9,BTG,BASHARATGANJ,1,14:36,14:38,2,136
12035,10,NSU,NISUI,1,14:46,14:47,1,141
12035,11,AO,AONLA,1,14:56,14:58,2,148
12035,12,KEG,KARENGI,1,15:11,15:13,2,160
12035,13,DUB,DABTARA,1,15:21,15:23,2,166
12035,14,AFR,ASAFPUR,1,15:34,15:36,2,176
12035,15,CH,CHANDAUSI JN,1,16:15,16:20,5,190
12035,16,RJK,RAJA KA SAHASPR,1,16:41,16:43,2,210
12035,17,MB,MORADABAD,1,17:15,17:25,10,234
12035,18,AMRO,AMROHA,1,17:58,18:00,2,264
12035,19,GJL,GAJRAULA JN,1,18:18,18:20,2,287
12035,20,GMS,GARHMUKTESAR,1,18:38,18:40,2,308
12035,21,SMBL,SIMBHOOLI,1,18:50,18:52,2,317
12035,22,HPU,HAPUR,1,19:10,19:12,2,338
12035,23,PKW,PILKHUA,1,19:25,19:27,2,349
12035,24,GZB,GHAZIABAD,1,20:41,20:43,2,375
12035,25,SBB,SAHIBABAD,1,20:54,20:56,2,381
12035,26,DSA,DELHI SHAHDARA,1,21:08,21:10,2,389
12035,27,DLI,DELHI JN.,1,21:35,,0,395
12037,1,KTW,KOTDWARA,1,,15:35,0,0
12037,2,NBD,NAJIBABAD JN,1,16:37,16:47,10,24
12037,3,MZM,MUZZAMPUR NRYN,1,17:00,17:02,2,35
12037,4,BSKR,BASI KIRATPUR,1,17:12,17:14,2,46
12037,5,BJO,BIJNOR,1,17:28,17:30,2,60
12037,6,HLDR,HALDAUR,1,17:48,17:50,2,77
12037,7,CPS,CHAND SIAU,1,18:08,18:10,2,95
12037,8,MNDR,MANDI DHANAURA,1,18:38,18:40,2,115
12037,9,GJL,GAJRAULA JN,1,19:15,19:50,35,130
12037,10,HPU,HAPUR,1,20:28,20:33,5,181
12037,11,GZB,GHAZIABAD,1,21:31,21:33,2,218
12037,12,DLI,DELHI JN.,1,22:20,,0,238
12040,1,NDLS,NEW DELHI,1,,06:20,0,0
12040,2,GZB,GHAZIABAD,1,06:53,06:55,2,26
12040,3,MB,MORADABAD,1,08:50,08:55,5,167
12040,4,RMU,RAMPUR,1,09:28,09:30,2,194
12040,5,BLQR,BILASPUR ROAD,1,09:53,09:55,2,221
12040,6,RUPC,RUDRAPUR CITY,1,10:08,10:10,2,239
12040,7,LKU,LALKUA JN.,1,10:44,10:47,3,260
12040,8,HDW,HALDWANI,1,11:23,11:25,2,277
12040,9,KGM,KATHGODAM,1,11:55,,0,283
12041,1,HWH,HOWRAH JN,1,,14:25,0,0
12041,2,BWN,BARDHAMAN,1,15:17,15:19,2,95
12041,3,BHP,BOLPUR S NIKTN,1,16:06,16:08,2,146
12041,4,RPH,RAMPUR HAT,1,17:01,17:03,2,207
12041,5,PKR,PAKUR,1,17:42,17:44,2,261
12041,6,NFK,NEW FARAKKA JN,1,18:28,18:29,1,295
12041,7,MLDT,MALDA TOWN,1,19:15,19:20,5,329
12041,8,BOE,BARSOI JN,1,20:30,20:31,1,417
12041,9,KNE,KISHANGANJ,1,21:15,21:17,2,474
12041,10,NJP,NEW JALPAIGURI,1,22:50,,0,562
12042,1,NJP,NEW JALPAIGURI,1,,05:30,0,0
12042,2,KNE,KISHANGANJ,1,06:28,06:30,2,87
12042,3,BOE,BARSOI JN,1,07:15,07:16,1,145
12042,4,MLDT,MALDA TOWN,1,08:35,08:40,5,233
12042,5,NFK,NEW FARAKKA JN,1,09:12,09:13,1,267
12042,6,PKR,PAKUR,1,09:49,09:51,2,300
12042,7,RPH,RAMPUR HAT,1,10:27,10:29,2,355
12042,8,BHP,BOLPUR S NIKTN,1,11:02,11:04,2,415
12042,9,BWN,BARDHAMAN,1,12:05,12:07,2,467
12042,10,HWH,HOWRAH JN,1,13:45,,0,562
12045,1,NDLS,NEW DELHI,1,,19:15,0,0
12045,2,KUN,KARNAL,1,20:35,20:37,2,124
12045,3,UMB,AMBALA CANT JN,1,21:50,21:52,2,198
12045,4,CDG,CHANDIGARH,1,22:35,,0,243
12046,1,CDG,CHANDIGARH,1,,12:00,0,0
12046,2,UMB,AMBALA CANT JN,1,12:43,12:47,4,45
12046,3,KUN,KARNAL,1,13:35,13:37,2,120
12046,4,NDLS,NEW DELHI,1,15:20,,0,243
12048,1,NLP,NORTH LAKHIMPUR,1,,17:20,0,0
12048,2,HMY,HARMUTI,1,17:45,17:47,2,30
12048,3,VNE,VISHWANATH CHARIALI,1,18:52,18:54,2,132
12048,4,RPAN,RANGAPARA NORTH,1,20:00,20:02,2,183
12048,5,ULG,UDALGURI,1,21:04,21:06,2,245
12048,6,TNL,TANGLA,1,21:20,21:22,2,268
12048,7,RNY,RANGIYA JN.,1,22:15,22:30,15,306
12048,8,KYQ,KAMAKHYA,1,23:25,23:27,2,347
12048,9,GHY,GUWAHATI,1,23:45,,0,354
12054,1,ASR,AMRITSAR,1,,06:50,0,0
12054,2,BEAS,BEAS,1,07:18,07:20,2,42
12054,3,JUC,JALANDHAR CITY,1,07:57,08:02,5,79
12054,4,PGW,PHAGWARA JN,1,08:20,08:22,2,100
12054,5,DDL,DHANDARI KALAN,1,09:15,09:20,5,143
12054,6,SIR,SIRHIND JN,1,09:58,10:00,2,196
12054,7,UMB,AMBALA CANT JN,1,10:55,11:04,9,249
12054,8,YJUD,YAMUNANAGAR JAGADHRI,1,11:41,11:43,2,300
12054,9,SSW,SARSAWA,1,11:57,11:58,1,317
12054,10,SRE,SAHARANPUR JN.,1,12:13,12:18,5,330
12054,11,RK,ROORKEE,1,12:59,13:04,5,365
12054,12,HW,HARIDWAR JN,1,13:50,,0,406
12055,1,NDLS,NEW DELHI,1,,15:20,0,0
12055,2,GZB,GHAZIABAD,1,15:53,15:55,2,26
12055,3,MTC,MEERUT CITY,1,16:32,16:34,2,73
12055,4,MOZ,MUZAFFARNAGAR,1,17:12,17:14,2,128
12055,5,DBD,DEOBAND,1,17:32,17:34,2,152
12055,6,TPZ,TAPRI,1,18:09,18:11,2,180
12055,7,RK,ROORKEE,1,18:43,18:45,2,212
12055,8,HW,HARIDWAR JN,1,19:27,19:32,5,253
12055,9,DDN,DEHRADOON,1,21:05,,0,305
12056,1,DDN,DEHRADOON,1,,05:00,0,0
12056,2,HW,HARIDWAR JN,1,06:24,06:29,5,52
12056,3,RK,ROORKEE,1,07:07,07:09,2,93
12056,4,TPZ,TAPRI,1,07:59,08:01,2,125
12056,5,DBD,DEOBAND,1,08:20,08:22,2,153
12056,6,MOZ,MUZAFFARNAGAR,1,08:40,08:42,2,176
12056,7,MTC,MEERUT CITY,1,09:21,09:23,2,232
12056,8,GZB,GHAZIABAD,1,10:16,10:18,2,279
12056,9,TKJ,TILAK BRIDGE,1,10:44,10:45,1,302
12056,10,NDLS,NEW DELHI,1,11:05,,0,305
12057,1,NDLS,NEW DELHI,1,,14:35,0,0
12057,2,SZM,SUBZI MANDI,1,14:49,14:51,2,4
12057,3,SNP,SONIPAT,1,15:21,15:23,2,44
12057,4,PNP,PANIPAT JN,1,15:51,15:53,2,89
12057,5,KUN,KARNAL,1,16:17,16:19,2,124
12057,6,KKDE,KURUKSHETRA JN,1,16:42,16:44,2,157
12057,7,UMB,AMBALA CANT JN,1,18:00,18:07,7,198
12057,8,CDG,CHANDIGARH,1,18:47,18:52,5,243
12057,9,SASN,SAHIBZADA AJIT SINGH NAGAR,1,19:02,19:04,2,255
12057,10,KARR,KHARAR,1,19:16,19:18,2,271
12057,11,MRND,MORINDA,1,19:34,19:36,2,288
12057,12,RPAR,RUPNAGAR,1,19:54,19:56,2,312
12057,13,KART,KIRATPUR SAHIB,1,20:17,20:19,2,340
12057,14,ANSB,ANANDPUR SAHIB,1,20:27,20:29,2,348
12057,15,NLDM,NANGAL DAM,1,20:50,21:05,15,368
12057,16,UHL,UNA HIMACHAL,1,21:21,21:23,2,384
12057,17,AADR,AMB  ANDAURA,1,21:48,21:50,2,412
12057,18,DLPC,DAULATPUR CHAUK,1,22:15,,0,427
12060,1,NZM,HAZRAT NIZAMUDDIN JN,1,,12:45,0,0
12060,2,BVH,BALLABGARH,1,13:06,13:08,2,29
12060,3,MTJ,MATHURA JN.,1,14:20,14:25,5,133
12060,4,BTE,BHARATPUR JN,1,14:50,14:52,2,167
12060,5,BXN,BAYANA JN,1,15:18,15:20,2,209
12060,6,HAN,HINDAUN CITY,1,15:41,15:43,2,242
12060,7,SMVJ,SHRI MAHAVEERJI,1,15:52,15:54,2,252
12060,8,GGC,GANGAPUR CITY JUNCTION,1,16:18,16:20,2,286
12060,9,SWM,SAWAI MADHOPUR JN,1,17:13,17:15,2,350
12060,10,KPTN,KESHORAI PATAN,1,18:08,18:10,2,444
12060,11,KOTA,KOTA JN,1,18:55,,0,457
12070,1,G,GONDIA JN,1,,14:30,0,0
12070,2,DGG,DONGARGARH,1,15:23,15:25,2,73
12070,3,RJN,RAJNANDGAON,1,15:43,15:45,2,104
12070,4,DURG,DURG,1,16:50,16:55,5,135
12070,5,R,RAIPUR JN.,1,17:35,17:40,5,172
12070,6,TLD,TILDA,1,18:13,18:15,2,209
12070,7,BYT,BHATAPARA,1,18:35,18:37,2,235
12070,8,BSP,BILASPUR JN.,1,19:35,19:45,10,287
12070,9,AKT,AKALTARA,1,20:07,20:09,2,314
12070,10,NIA,JANJGIR NAILA,1,20:22,20:24,2,329
12070,11,CPH,CHAMPA,1,20:40,20:45,5,340
12070,12,BUA,BARADWAR,1,20:56,20:58,2,355
12070,13,SKT,SAKTI,1,21:10,21:12,2,370
12070,14,KHS,KHARSIA,1,21:25,21:27,2,386
12070,15,RIG,RAIGARH,1,22:00,,0,420
12071,1,CSMT,C SHIVAJI MAH T,1,,12:10,0,0
12071,2,DR,DADAR,1,12:23,12:25,2,9
12071,3,TNA,THANE,1,12:43,12:45,2,33
12071,4,KYN,KALYAN JN,1,13:07,13:10,3,53
12071,5,KSRA,KASARA,1,14:17,14:19,2,121
12071,6,IGP,IGATPURI,1,14:52,14:57,5,136
12071,7,NK,NASIK ROAD,1,15:32,15:35,3,187
12071,8,MMR,MANMAD JN,1,16:40,16:45,5,260
12071,9,CPSN,CHHATRAPATI SAMBHAJINAGAR,1,18:25,18:30,5,373
12071,10,J,JALNA,1,19:25,19:30,5,436
12071,11,PTU,PARTUR,1,20:04,20:05,1,481
12071,12,SELU,SELU,1,20:24,20:25,1,508
12071,13,PBN,PARBHANI JN,1,21:33,21:35,2,550
12071,14,PAU,PURNA JN,1,22:20,22:25,5,579
12071,15,BMF,BASMAT,1,22:44,22:45,1,601
12071,16,HNL,HINGOLI DECCAN,2,00:30,,0,659
12075,1,CLT,KOZHIKKODE,1,,13:45,0,0
12075,2,TIR,TIRUR,1,14:19,14:20,1,41
12075,3,SRR,SHORANUR JN,1,14:57,15:00,3,86
12075,4,TCR,THRISUR,1,15:38,15:40,2,120
12075,5,AWY,ALUVA,1,16:39,16:40,1,175
12075,6,ERS,ERNAKULAM JN,1,17:20,17:25,5,194
12075,7,SRTL,CHERTHALA,1,17:57,17:58,1,228
12075,8,ALLP,ALAPPUZHA,1,18:33,18:35,2,251
12075,9,KYJ,KAYANKULAM JN,1,19:13,19:15,2,295
12075,10,QLN,KOLLAM JN,1,19:50,19:52,2,336
12075,11,VAK,VARKALA,1,20:13,20:14,1,359
12075,12,TVC,THIRUVANANTHAPURAM CENTRAL,1,21:25,,0,399
12077,1,MAS,PURATCHI THALAIVAR DR. MGR CTL,1,,07:25,0,0
12077,2,SPE,SULLURUPETA,1,08:38,08:40,2,80
12077,3,NYP,NAYUDUPETA,1,09:03,09:05,2,108
12077,4,GDR,GUDUR JN,1,09:28,09:30,2,135
12077,5,NLR,NELLORE,1,09:54,09:55,1,174
12077,6,KVZ,KAVALI,1,10:34,10:35,1,224
12077,7,OGL,ONGOLE,1,11:29,11:30,1,290
12077,8,CLX,CHIRALA,1,12:09,12:10,1,339
12077,9,TEL,TENALI JN,1,13:09,13:10,1,397
12077,10,NGNT,NEW GUNTUR,1,13:39,13:40,1,421
12077,11,BZA,VIJAYAWADA JN,1,15:00,,0,455
12078,1,BZA,VIJAYAWADA JN,1,,15:30,0,0
12078,2,NGNT,NEW GUNTUR,1,16:09,16:10,1,33
12078,3,TEL,TENALI JN,1,16:33,16:35,2,58
12078,4,CLX,CHIRALA,1,17:18,17:20,2,116
12078,5,OGL,ONGOLE,1,18:03,18:05,2,165
12078,6,KVZ,KAVALI,1,18:48,18:50,2,231
12078,7,NLR,NELLORE,1,19:28,19:30,2,281
12078,8,GDR,GUDUR JN,1,20:13,20:15,2,320
12078,9,NYP,NAYUDUPETA,1,20:38,20:40,2,347
12078,10,SPE,SULLURUPETA,1,20:58,21:00,2,374
12078,11,MAS,PURATCHI THALAIVAR DR. MGR CTL,1,23:00,,0,455
12129,1,PUNE,PUNE JN,1,,18:35,0,0
12129,2,DDCC,DAUND CHORD LINE,1,19:53,19:55,2,72
12129,3,ANG,AHILYANAGAR,1,21:12,21:15,3,159
12129,4,BAP,BELAPUR,1,22:17,22:20,3,226
12129,5,KPG,KOPARGAON,1,23:12,23:15,3,270
12129,6,MMR,MANMAD JN,2,00:25,00:30,5,312
12129,7,JL,JALGAON JN,2,02:30,02:32,2,472
12129,8,BSL,BHUSAVAL JN,2,03:10,03:15,5,496
12129,9,MKU,MALKAPUR,2,04:03,04:05,2,546
12129,10,SEG,SHEGAON,2,04:49,04:50,1,599
12129,11,AK,AKOLA JN.,2,05:20,05:25,5,636
12129,12,BD,BADNERA JN.,2,06:35,06:38,3,715
12129,13,WR,WARDHA JN,2,08:02,08:05,3,810
12129,14,NGP,NAGPUR JN.,2,09:50,09:55,5,889
12129,15,BRD,BHANDARA ROAD,2,10:38,10:40,2,951
12129,16,TMR,TUMSAR ROAD,2,10:53,10:55,2,969
12129,17,G,GONDIA JN,2,11:33,11:35,2,1019
12129,18,DGG,DONGARGARH,2,12:28,12:30,2,1092
12129,19,RJN,RAJNANDGAON,2,12:58,13:00,2,1124
12129,20,DURG,DURG,2,13:55,14:00,5,1154
12129,21,R,RAIPUR JN.,2,14:35,14:40,5,1191
12129,22,BYT,BHATAPARA,2,15:30,15:32,2,1255
12129,23,BSP,BILASPUR JN.,2,16:20,16:35,15,1306
12129,24,CPH,CHAMPA,2,17:20,17:22,2,1359
12129,25,RIG,RAIGARH,2,18:20,18:22,2,1439
12129,26,BRJN,BRAJRAJNAGAR,2,19:15,19:17,2,1499
12129,27,JSG,JHARSUGUDA JN,2,19:50,19:52,2,1511
12129,28,GP,RAJ GANGPUR,2,20:44,20:45,1,1582
12129,29,ROU,ROURKELA,2,21:10,21:18,8,1612
12129,30,CKP,CHAKARADHARPUR,2,22:42,22:47,5,1713
12129,31,TATA,TATANAGAR JN,2,23:40,23:45,5,1776
12129,32,KGP,KHARAGPUR JN,3,02:05,02:10,5,1910
12129,33,HWH,HOWRAH JN,3,05:25,,0,2026
12131,1,DR,DADAR,1,,21:45,0,0
12131,2,TNA,THANE,1,22:03,22:05,2,24
12131,3,KYN,KALYAN JN,1,22:22,22:25,3,44
12131,4,IGP,IGATPURI,2,00:00,00:05,5,128
12131,5,NK,NASIK ROAD,2,00:47,00:50,3,178
12131,6,MMR,MANMAD JN,2,01:40,01:43,3,252
12131,7,KPG,KOPARGAON,2,02:42,02:45,3,295
12131,8,SNSI,SAINAGAR SHIRDI,2,03:50,,0,336
12152,1,SHM,SHALIMAR,1,,19:25,0,0
12152,2,SRC,SANTRAGACHI JN,1,19:38,19:40,2,5
12152,3,KGP,KHARAGPUR JN,1,21:10,21:15,5,113
12152,4,MDN,MIDNAPORE,1,21:43,21:45,2,126
12152,5,BQA,BANKURA,1,23:18,23:20,2,228
12152,6,ADRA,ADRA,2,00:05,00:10,5,281
12152,7,PRR,PURULIA JN.,2,00:55,01:00,5,321
12152,8,CKP,CHAKARADHARPUR,2,02:55,02:57,2,437
12152,9,ROU,ROURKELA,2,04:22,04:30,8,538
12152,10,JSG,JHARSUGUDA JN,2,06:13,06:15,2,639
12152,11,RIG,RAIGARH,2,07:08,07:10,2,711
12152,12,BSP,BILASPUR JN.,2,09:15,09:30,15,844
12152,13,R,RAIPUR JN.,2,11:00,11:05,5,959
12152,14,DURG,DURG,2,12:05,12:10,5,996
12152,15,RJN,RAJNANDGAON,2,12:34,12:36,2,1027
12152,16,G,GONDIA JN,2,13:58,14:00,2,1132
12152,17,NGP,NAGPUR JN.,2,16:20,16:25,5,1262
12152,18,BD,BADNERA JN.,2,19:13,19:15,2,1436
12152,19,AK,AKOLA JN.,2,20:12,20:15,3,1515
12152,20,BSL,BHUSAVAL JN,2,22:25,22:30,5,1655
12152,21,NK,NASIK ROAD,3,01:52,01:55,3,1912
12152,22,KYN,KALYAN JN,3,04:22,04:25,3,2046
12152,23,LTT,LOKMANYATILAK,3,05:30,,0,2083
12153,1,LTT,LOKMANYATILAK,1,,16:25,0,0
12153,2,TNA,THANE,1,16:43,16:45,2,17
12153,3,KYN,KALYAN JN,1,17:07,17:10,3,37
12153,4,BSL,BHUSAVAL JN,1,23:15,23:20,5,428
12153,5,KNW,KHANDWA JUNCTION,2,01:27,01:30,3,551
12153,6,HD,HARDA,2,02:30,02:32,2,658
12153,7,ET,ITARSI JN,2,03:55,04:00,5,734
12153,8,NDPM,NARMADAPURAM,2,04:18,04:20,2,751
12153,9,RKMP,RANI KAMALAPATI,2,05:50,,0,819
12161,1,LTT,LOKMANYATILAK,1,,16:25,0,0
12161,2,TNA,THANE,1,16:43,16:45,2,17
12161,3,KYN,KALYAN JN,1,17:07,17:10,3,37
12161,4,NK,NASIK ROAD,1,19:25,19:30,5,171
12161,5,MMR,MANMAD JN,1,20:35,20:37,2,244
12161,6,JL,JALGAON JN,1,22:30,22:32,2,404
12161,7,BSL,BHUSAVAL JN,1,23:15,23:20,5,428
12161,8,BAU,BURHANPUR,2,00:10,00:12,2,482
12161,9,KNW,KHANDWA JUNCTION,2,01:27,01:30,3,551
12161,10,HD,HARDA,2,02:30,02:32,2,658
12161,11,TBN,TIMARNI,2,02:49,02:50,1,672
12161,12,ET,ITARSI JN,2,03:55,04:00,5,734
12161,13,RKMP,RANI KAMALAPATI,2,05:40,05:50,10,819
12161,14,BINA,BINA JN,2,08:02,08:05,3,964
12161,15,VGLJ,VIRANGANA LAKSHMIBAI JHANSI JN,2,11:32,11:40,8,1115
12161,16,DBA,DABRA,2,12:13,12:15,2,1170
12161,17,GWL,GWALIOR JN.,2,12:45,12:47,2,1213
12161,18,MRA,MORENA,2,13:18,13:20,2,1252
12161,19,AGC,AGRA CANTT JN,2,15:20,,0,1332
12171,1,LTT,LOKMANYATILAK,1,,07:55,0,0
12171,2,KYN,KALYAN JN,1,08:32,08:35,3,37
12171,3,NK,NASIK ROAD,1,10:57,11:00,3,171
12171,4,BSL,BHUSAVAL JN,1,14:10,14:15,5,428
12171,5,KNW,KHANDWA JUNCTION,1,16:13,16:15,2,551
12171,6,BPL,BHOPAL JN.,1,20:40,20:50,10,825
12171,7,VGLJ,VIRANGANA LAKSHMIBAI JHANSI JN,2,00:40,00:45,5,1115
12171,8,AGC,AGRA CANTT JN,2,03:40,03:42,2,1332
12171,9,NZM,HAZRAT NIZAMUDDIN JN,2,06:40,06:55,15,1519
12171,10,MTC,MEERUT CITY,2,08:10,08:12,2,1593
12171,11,TPZ,TAPRI,2,10:23,10:25,2,1700
12171,12,RK,ROORKEE,2,11:22,11:27,5,1732
12171,13,HW,HARIDWAR JN,2,12:35,,0,1773
12175,1,HWH,HOWRAH JN,1,,17:45,0,0
12175,2,BWN,BARDHAMAN,1,18:55,18:57,2,95
12175,3,DGR,DURGAPUR,1,19:44,19:46,2,158
12175,4,ASN,ASANSOL JN.,1,20:25,20:30,5,200
12175,5,DHN,DHANBAD JN,1,22:15,22:20,5,258
12175,6,GMO,NSC BOSE J GOMO,1,22:45,22:50,5,288
12175,7,PNME,PARASNATH,1,23:03,23:05,2,306
12175,8,KQR,KODERMA,1,23:50,23:52,2,381
12175,9,GAYA,GAYA JN,2,01:30,01:35,5,457
12175,10,DOS,DEHRI ON SONE,2,02:37,02:39,2,542
12175,11,SSM,SASARAM,2,02:54,02:56,2,560
12175,12,BBU,BHABUA ROAD,2,03:23,03:25,2,608
12175,13,DDU,PT.DEEN DAYAL UPADHYAYA JN.,2,04:43,04:50,7,661
12175,14,CAR,CHUNAR,2,05:30,05:32,2,693
12175,15,MZP,MIRZAPUR,2,06:00,06:05,5,724
12175,16,BDL,VINDHYACHAL,2,06:15,06:17,2,731
12175,17,PCOI,PRAYAGRAJ CHHEOKI,2,07:30,07:35,5,805
12175,18,MKP,MANIKPUR JN,2,09:40,09:45,5,897
12175,19,CKTD,CHITRAKUT DHAM KARWI,2,10:16,10:18,2,928
12175,20,ATE,ATARRA,2,10:44,10:46,2,965
12175,21,BNDA,BANDA JN,2,11:20,11:25,5,996
12175,22,MBA,MAHOBA,2,12:15,12:17,2,1050
12175,23,KLAR,KULPAHAR,2,12:34,12:36,2,1071
12175,24,HPP,HARPALPUR,2,12:59,13:01,2,1103
12175,25,MRPR,MAU RANIPUR,2,13:19,13:21,2,1124
12175,26,NEW,NIVARI,2,13:46,13:48,2,1158
12175,27,BWR,BARWA SAGAR,2,13:59,14:01,2,1167
12175,28,VGLJ,VIRANGANA LAKSHMIBAI JHANSI JN,2,15:15,15:25,10,1189
12175,29,DAA,DATIA,2,15:43,15:45,2,1214
12175,30,DBA,DABRA,2,16:08,16:10,2,1244
12175,31,GWL,GWALIOR JN.,2,17:05,,0,1287
12213,1,YPR,YESVANTPUR JN.,1,,23:40,0,0
12213,2,GTL,GUNTAKAL JN,2,03:25,03:30,5,274
12213,3,SC,SECUNDERABAD JN,2,08:35,08:40,5,685
12213,4,BPQ,BALHARSHAH,2,13:30,13:35,5,1056
12213,5,NGP,NAGPUR JN.,2,16:15,16:20,5,1265
12213,6,RKMP,RANI KAMALAPATI,2,22:02,22:10,8,1646
12213,7,VGLJ,VIRANGANA LAKSHMIBAI JHANSI JN,3,01:30,01:35,5,1941
12213,8,DEE,DELHI SARAI ROHILLA,3,07:50,,0,2358
12214,1,DEE,DELHI SARAI ROHILLA,1,,22:10,0,0
12214,2,VGLJ,VIRANGANA LAKSHMIBAI JHANSI JN,2,03:50,03:55,5,416
12214,3,RKMP,RANI KAMALAPATI,2,07:50,08:00,10,712
12214,4,NGP,NAGPUR JN.,2,13:25,13:30,5,1093
12214,5,BPQ,BALHARSHAH,2,16:35,16:40,5,1302
12214,6,SC,SECUNDERABAD JN,2,21:00,21:10,10,1673
12214,7,GTL,GUNTAKAL JN,3,02:35,02:40,5,2084
12214,8,YPR,YESVANTPUR JN.,3,08:20,,0,2358
12220,1,SC,SECUNDERABAD JN,1,,23:05,0,0
12220,2,WADI,WADI JN.,2,01:40,01:43,3,185
12220,3,SUR,SOLAPUR JN,2,03:35,03:40,5,335
12220,4,PUNE,PUNE JN,2,07:50,07:55,5,598
12220,5,LTT,LOKMANYATILAK,2,11:15,,0,773
12221,1,PUNE,PUNE JN,1,,15:15,0,0
12221,2,DDCC,DAUND CHORD LINE,1,16:13,16:15,2,72
12221,3,MMR,MANMAD JN,1,20:17,20:20,3,312
12221,4,BSL,BHUSAVAL JN,1,22:35,22:40,5,496
12221,5,NGP,NAGPUR JN.,2,04:10,04:15,5,889
12221,6,R,RAIPUR JN.,2,08:13,08:15,2,1191
12221,7,BSP,BILASPUR JN.,2,09:50,10:00,10,1306
12221,8,TATA,TATANAGAR JN,2,16:10,16:20,10,1776
12221,9,HWH,HOWRAH JN,2,20:40,,0,2026
12222,1,HWH,HOWRAH JN,1,,05:35,0,0
12222,2,TATA,TATANAGAR JN,1,08:38,08:48,10,250
12222,3,BSP,BILASPUR JN.,1,14:55,15:05,10,719
12222,4,R,RAIPUR JN.,1,16:35,16:37,2,835
12222,5,NGP,NAGPUR JN.,1,20:50,20:55,5,1138
12222,6,BSL,BHUSAVAL JN,2,01:25,01:30,5,1531
12222,7,MMR,MANMAD JN,2,03:57,04:00,3,1715
12222,8,DDCC,DAUND CHORD LINE,2,08:13,08:15,2,1954
12222,9,PUNE,PUNE JN,2,09:45,,0,2027
12227,1,MMCT,MUMBAI CENTRAL,1,,23:10,0,0
12227,2,BRC,VADODARA JN,2,03:26,03:36,10,392
12227,3,RTM,RATLAM JN,2,07:00,07:05,5,649
12227,4,UJN,UJJAIN JN,2,08:40,08:45,5,746
12227,5,INDB,INDORE JN,2,10:20,,0,828
12228,1,INDB,INDORE JN,1,,21:00,0,0
12228,2,UJN,UJJAIN JN,1,22:05,22:10,5,82
12228,3,RTM,RATLAM JN,1,23:30,23:35,5,178
12228,4,BRC,VADODARA JN,2,03:00,03:08,8,436
12228,5,MMCT,MUMBAI CENTRAL,2,08:20,,0,828
12239,1,MMCT,MUMBAI CENTRAL,1,,23:10,0,0
12239,2,BRC,VADODARA JN,2,03:26,03:36,10,392
12239,3,RTM,RATLAM JN,2,07:00,07:05,5,649
12239,4,KOTA,KOTA JN,2,10:00,10:05,5,916
12239,5,SWM,SAWAI MADHOPUR JN,2,11:30,11:50,20,1023
12239,6,JP,JAIPUR JN.,2,13:40,13:50,10,1155
12239,7,RGS,RINGAS JN,2,14:35,14:38,3,1212
12239,8,SIKR,SIKAR JN,2,15:35,15:40,5,1262
12239,9,JJN,JHUNJHUNU,2,16:33,16:35,2,1327
12239,10,LHU,LOHARU,2,17:35,17:38,3,1384
12239,11,SDLP,SADULPUR JN,2,18:35,19:00,25,1434
12239,12,HSR,HISAR,2,20:20,,0,1504
12240,1,HSR,HISAR,1,,10:10,0,0
12240,2,SDLP,SADULPUR JN,1,11:30,12:00,30,70
12240,3,LHU,LOHARU,1,12:57,13:00,3,120
12240,4,JJN,JHUNJHUNU,1,13:41,13:43,2,177
12240,5,SIKR,SIKAR JN,1,14:28,14:33,5,242
12240,6,RGS,RINGAS JN,1,15:13,15:16,3,292
12240,7,JP,JAIPUR JN.,1,16:25,16:35,10,349
12240,8,SWM,SAWAI MADHOPUR JN,1,18:30,18:50,20,481
12240,9,KOTA,KOTA JN,1,20:00,20:05,5,588
12240,10,RTM,RATLAM JN,1,23:30,23:35,5,855
12240,11,BRC,VADODARA JN,2,03:00,03:08,8,1112
12240,12,MMCT,MUMBAI CENTRAL,2,08:20,,0,1504
12243,1,MAS,PURATCHI THALAIVAR DR. MGR CTL,1,,07:15,0,0
12243,2,KPD,KATPADI JN,1,08:43,08:45,2,130
12243,3,JTJ,JOLARPETTAI JN.,1,09:53,09:55,2,214
12243,4,SA,SALEM JN,1,11:17,11:20,3,339
12243,5,ED,ERODE JN,1,12:15,12:20,5,398
12243,6,TUP,TIRUPPUR,1,13:03,13:05,2,448
12243,7,CBE,COIMBATORE JN,1,14:15,,0,499
12244,1,CBE,COIMBATORE JN,1,,15:05,0,0
12244,2,TUP,TIRUPPUR,1,15:40,15:45,5,50
12244,3,ED,ERODE JN,1,16:25,16:30,5,101
12244,4,SA,SALEM JN,1,17:18,17:20,2,160
12244,5,JTJ,JOLARPETTAI JN.,1,18:48,18:50,2,285
12244,6,KPD,KATPADI JN,1,19:48,19:50,2,369
12244,7,MAS,PURATCHI THALAIVAR DR. MGR CTL,1,21:50,,0,499
12245,1,HWH,HOWRAH JN,1,,10:40,0,0
12245,2,BBS,BHUBANESWAR,1,16:20,16:25,5,438
12245,3,VZM,VIZIANAGRAM JN,1,22:10,22:20,10,820
12245,4,BZA,VIJAYAWADA JN,2,04:10,04:20,10,1218
12245,5,RU,RENIGUNTA JN,2,09:50,10:00,10,1594
12245,6,SMVB,SMVT BENGALURU,2,15:45,,0,1935
12259,1,SDAH,SEALDAH,1,,17:00,0,0
12259,2,DHN,DHANBAD JN,1,20:30,20:35,5,270
12259,3,KQR,KODERMA,1,21:45,21:47,2,393
12259,4,DDU,PT.DEEN DAYAL UPADHYAYA JN.,2,01:20,01:27,7,673
12259,5,CNB,KANPUR CENTRAL,2,05:25,05:30,5,1020
12259,6,NDLS,NEW DELHI,2,11:00,11:15,15,1461
12259,7,LHU,LOHARU,2,13:50,13:53,3,1636
12259,8,SDLP,SADULPUR JN,2,14:27,14:30,3,1686
12259,9,CUR,CHURU,2,15:15,15:20,5,1744
12259,10,RTGH,RATANGARH JN,2,15:52,15:55,3,1786
12259,11,SDGH,SRI DUNGARGARH,2,16:37,16:39,2,1850
12259,12,BKN,BIKANER JN,2,18:35,,0,1924
12260,1,BKN,BIKANER JN,1,,12:10,0,0
12260,2,SDGH,SRI DUNGARGARH,1,13:00,13:02,2,73
12260,3,RTGH,RATANGARH JN,1,13:45,13:48,3,137
12260,4,CUR,CHURU,1,14:28,14:33,5,180
12260,5,SDLP,SADULPUR JN,1,15:15,15:18,3,238
12260,6,LHU,LOHARU,1,15:55,15:58,3,288
12260,7,NDLS,NEW DELHI,1,19:30,19:45,15,462
12260,8,CNB,KANPUR CENTRAL,2,00:35,00:40,5,903
12260,9,DDU,PT.DEEN DAYAL UPADHYAYA JN.,2,04:33,04:40,7,1250
12260,10,KQR,KODERMA,2,07:55,07:57,2,1530
12260,11,DHN,DHANBAD JN,2,09:12,09:17,5,1653
12260,12,SDAH,SEALDAH,2,13:30,,0,1924
12261,1,CSMT,C SHIVAJI MAH T,1,,17:15,0,0
12261,2,KYN,KALYAN JN,1,17:59,18:01,2,53
12261,3,BSL,BHUSAVAL JN,1,22:55,23:00,5,444
12261,4,AK,AKOLA JN.,2,00:38,00:40,2,584
12261,5,NGP,NAGPUR JN.,2,04:10,04:15,5,837
12261,6,R,RAIPUR JN.,2,08:13,08:15,2,1139
12261,7,BSP,BILASPUR JN.,2,09:50,10:00,10,1249
12261,8,TATA,TATANAGAR JN,2,16:10,16:20,10,1719
12261,9,HWH,HOWRAH JN,2,20:40,,0,1969
12262,1,HWH,HOWRAH JN,1,,05:35,0,0
12262,2,TATA,TATANAGAR JN,1,08:38,08:48,10,250
12262,3,BSP,BILASPUR JN.,1,14:55,15:05,10,719
12262,4,R,RAIPUR JN.,1,16:35,16:37,2,829
12262,5,NGP,NAGPUR JN.,1,20:50,20:55,5,1132
12262,6,AK,AKOLA JN.,1,23:53,23:55,2,1385
12262,7,BSL,BHUSAVAL JN,2,01:25,01:30,5,1525
12262,8,KYN,KALYAN JN,2,07:00,07:02,2,1916
12262,9,CSMT,C SHIVAJI MAH T,2,08:15,,0,1969
12263,1,PUNE,PUNE JN,1,,11:10,0,0
12263,2,BSR,VASAI ROAD,1,14:20,14:25,5,186
12263,3,ST,SURAT,1,16:53,16:55,2,402
12263,4,BRC,VADODARA JN,1,18:25,18:35,10,531
12263,5,RTM,RATLAM JN,1,21:55,22:00,5,788
12263,6,KOTA,KOTA JN,2,00:55,01:05,10,1055
12263,7,NZM,HAZRAT NIZAMUDDIN JN,2,07:00,,0,1512
12266,1,JAT,JAMMUTAVI,1,,19:15,0,0
12266,2,LDH,LUDHIANA JN,1,23:15,23:25,10,265
12266,3,DEE,DELHI SARAI ROHILLA,2,03:55,,0,578
12268,1,HAPA,HAPA,1,,20:05,0,0
12268,2,RJT,RAJKOT,1,21:10,21:20,10,76
12268,3,SUNR,SURENDRANAGAR,1,22:57,22:59,2,192
12268,4,ADI,AHMEDABAD JN,2,01:00,01:10,10,322
12268,5,MMCT,MUMBAI CENTRAL,2,08:05,,0,814
12269,1,MAS,PURATCHI THALAIVAR DR. MGR CTL,1,,06:35,0,0
12269,2,BZA,VIJAYAWADA JN,1,12:10,12:20,10,428
12269,3,BPQ,BALHARSHAH,1,17:55,18:00,5,880
12269,4,NGP,NAGPUR JN.,1,20:40,20:45,5,1089
12269,5,RKMP,RANI KAMALAPATI,2,02:04,02:12,8,1470
12269,6,VGLJ,VIRANGANA LAKSHMIBAI JHANSI JN,2,05:30,05:35,5,1766
12269,7,GWL,GWALIOR JN.,2,06:33,06:35,2,1864
12269,8,NZM,HAZRAT NIZAMUDDIN JN,2,10:40,,0,2169
12273,1,HWH,HOWRAH JN,1,,08:45,0,0
12273,2,ASN,ASANSOL JN.,1,10:50,10:55,5,200
12273,3,JSME,JASIDIH JN.,1,12:08,12:10,2,311
12273,4,PNBE,PATNA JN,1,16:03,16:10,7,532
12273,5,DDU,PT.DEEN DAYAL UPADHYAYA JN.,1,20:08,20:15,7,739
12273,6,CNB,KANPUR CENTRAL,2,00:50,00:55,5,1086
12273,7,NDLS,NEW DELHI,2,06:40,,0,1527
12285,1,SC,SECUNDERABAD JN,1,,12:50,0,0
12285,2,BPQ,BALHARSHAH,1,17:55,18:00,5,371
12285,3,NGP,NAGPUR JN.,1,20:40,20:45,5,579
12285,4,RKMP,RANI KAMALAPATI,2,02:04,02:12,8,965
12285,5,VGLJ,VIRANGANA LAKSHMIBAI JHANSI JN,2,05:30,05:35,5,1261
12285,6,NZM,HAZRAT NIZAMUDDIN JN,2,10:40,,0,1664
12290,1,NGP,NAGPUR JN.,1,,19:50,0,0
12290,2,WR,WARDHA JN,1,20:44,20:45,1,79
12290,3,BD,BADNERA JN.,1,22:10,22:12,2,174
12290,4,BSL,BHUSAVAL JN,2,00:50,00:55,5,393
12290,5,CSMT,C SHIVAJI MAH T,2,07:50,,0,838
12293,1,LTT,LOKMANYATILAK,1,,17:20,0,0
12293,2,BSL,BHUSAVAL JN,1,22:55,23:00,5,428
12293,3,ET,ITARSI JN,2,02:50,03:00,10,734
12293,4,JBP,JABALPUR,2,06:00,06:10,10,979
12293,5,STA,SATNA,2,08:25,08:30,5,1168
12293,6,PRYJ,PRAYAGRAJ JN,2,12:40,,0,1346
12297,1,ADI,AHMEDABAD JN,1,,22:30,0,0
12297,2,ST,SURAT,2,01:22,01:25,3,229
12297,3,BSR,VASAI ROAD,2,03:40,03:45,5,444
12297,4,LNL,LONAVALA,2,06:17,06:20,3,564
12297,5,PUNE,PUNE JN,2,07:40,,0,629
12301,1,HWH,HOWRAH JN,1,,16:50,0,0
12301,2,ASN,ASANSOL JN.,1,18:47,18:49,2,200
12301,3,DHN,DHANBAD JN,1,19:55,20:00,5,258
12301,4,PNME,PARASNATH,1,20:30,20:32,2,306
12301,5,GAYA,GAYA JN,1,22:32,22:35,3,457
12301,6,DDU,PT.DEEN DAYAL UPADHYAYA JN.,2,00:43,00:50,7,661
12301,7,PRYJ,PRAYAGRAJ JN,2,02:40,02:42,2,814
12301,8,CNB,KANPUR CENTRAL,2,04:45,04:50,5,1008
12301,9,NDLS,NEW DELHI,2,10:05,,0,1449
12302,1,NDLS,NEW DELHI,1,,16:50,0,0
12302,2,CNB,KANPUR CENTRAL,1,21:30,21:35,5,441
12302,3,PRYJ,PRAYAGRAJ JN,1,23:41,23:43,2,635
12302,4,DDU,PT.DEEN DAYAL UPADHYAYA JN.,2,01:33,01:40,7,788
12302,5,GAYA,GAYA JN,2,03:57,04:00,3,992
12302,6,PNME,PARASNATH,2,05:43,05:45,2,1143
12302,7,DHN,DHANBAD JN,2,06:33,06:38,5,1191
12302,8,ASN,ASANSOL JN.,2,07:18,07:20,2,1248
12302,9,HWH,HOWRAH JN,2,09:55,,0,1449
12306,1,NDLS,NEW DELHI,1,,16:50,0,0
12306,2,CNB,KANPUR CENTRAL,1,21:30,21:35,5,441
12306,3,PRYJ,PRAYAGRAJ JN,1,23:41,23:43,2,635
12306,4,DDU,PT.DEEN DAYAL UPADHYAYA JN.,2,01:33,01:40,7,788
12306,5,PNBE,PATNA JN,2,04:18,04:25,7,995
12306,6,JSME,JASIDIH JN.,2,07:39,07:43,4,1216
12306,7,MDP,MADHUPUR JN.,2,08:04,08:06,2,1245
12306,8,BWN,BARDHAMAN,2,10:35,10:37,2,1432
12306,9,HWH,HOWRAH JN,2,12:15,,0,1527
12310,1,NDLS,NEW DELHI,1,,17:10,0,0
12310,2,CNB,KANPUR CENTRAL,1,21:50,21:55,5,441
12310,3,PRYJ,PRAYAGRAJ JN,2,00:01,00:03,2,635
12310,4,DDU,PT.DEEN DAYAL UPADHYAYA JN.,2,01:53,02:00,7,788
12310,5,DNR,DANAPUR,2,04:15,04:17,2,986
12310,6,PNBE,PATNA JN,2,04:38,04:45,7,996
12310,7,RJPB,RAJENDRA NAGAR TERMINAL,2,05:15,,0,998
12325,1,KOAA,KOLKATTA TERMINAL,1,,07:40,0,0
12325,2,ASN,ASANSOL JN.,1,10:21,10:26,5,206
12325,3,JSME,JASIDIH JN.,1,11:55,11:57,2,316
12325,4,JAJ,JHAJHA,1,13:05,13:10,5,360
12325,5,KIUL,KIUL JN,1,13:56,13:58,2,414
12325,6,PNC,PATNA SAHEB,1,15:08,15:10,2,527
12325,7,PNBE,PATNA JN,1,15:43,15:50,7,537
12325,8,DDU,PT.DEEN DAYAL UPADHYAYA JN.,1,19:30,19:35,5,745
12325,9,BSB,VARANASI,1,20:30,20:40,10,763
12325,10,LKO,LUCKNOW JN.,2,02:30,02:40,10,1046
12325,11,BE,BAREILLY(NR),2,06:05,06:07,2,1281
12325,12,MB,MORADABAD,2,07:50,07:58,8,1371
12325,13,SRE,SAHARANPUR JN.,2,11:20,11:30,10,1564
12325,14,UMB,AMBALA CANT JN,2,12:45,12:50,5,1645
12325,15,SIR,SIRHIND JN,2,13:38,13:40,2,1698
12325,16,RPAR,RUPNAGAR,2,14:26,14:31,5,1747
12325,17,ANSB,ANANDPUR SAHIB,2,15:38,15:40,2,1782
12325,18,NLDM,NANGAL DAM,2,16:05,16:15,10,1802
12325,19,UHL,UNA HIMACHAL,2,16:35,16:40,5,1819
12325,20,AADR,AMB  ANDAURA,2,17:10,,0,1846
12336,1,LTT,LOKMANYATILAK,1,,08:05,0,0
12336,2,KYN,KALYAN JN,1,08:37,08:40,3,37
12336,3,IGP,IGATPURI,1,10:27,10:32,5,120
12336,4,NK,NASIK ROAD,1,11:15,11:20,5,171
12336,5,MMR,MANMAD JN,1,12:15,12:20,5,244
12336,6,BSL,BHUSAVAL JN,1,14:45,14:50,5,428
12336,7,BAU,BURHANPUR,1,15:38,15:40,2,482
12336,8,KNW,KHANDWA JUNCTION,1,16:47,16:50,3,551
12336,9,HD,HARDA,1,17:58,18:00,2,658
12336,10,ET,ITARSI JN,1,19:20,19:30,10,734
12336,11,PPI,PIPARIYA,1,20:18,20:20,2,801
12336,12,JBP,JABALPUR,1,23:00,23:10,10,979
12336,13,KTE,KATNI,2,00:10,00:15,5,1069
12336,14,STA,SATNA,2,01:25,01:30,5,1168
12336,15,PCOI,PRAYAGRAJ CHHEOKI,2,04:55,04:57,2,1337
12336,16,MZP,MIRZAPUR,2,06:05,06:10,5,1418
12336,17,DDU,PT.DEEN DAYAL UPADHYAYA JN.,2,07:48,07:55,7,1481
12336,18,DLN,DILDARNAGAR JN,2,08:40,08:42,2,1535
12336,19,BXR,BUXAR,2,09:16,09:18,2,1571
12336,20,DURE,DUMRAON,2,09:32,09:34,2,1587
12336,21,ARA,ARA,2,10:15,10:20,5,1640
12336,22,DNR,DANAPUR,2,11:06,11:08,2,1679
12336,23,PNBE,PATNA JN,2,12:23,12:30,7,1689
12336,24,PNC,PATNA SAHEB,2,12:43,12:45,2,1699
12336,25,FUT,FATUHA,2,12:55,12:57,2,1711
12336,26,KOO,KHUSROPUR,2,13:06,13:08,2,1719
12336,27,BKP,BAKHTIYARPUR JN,2,13:20,13:22,2,1734
12336,28,BARH,BARH,2,13:35,13:37,2,1752
12336,29,MKA,MOKAMA,2,14:10,14:15,5,1778
12336,30,BRYA,BARHIYA,2,14:26,14:28,2,1796
12336,31,LKR,LUCKEESARAI JN,2,14:50,14:52,2,1811
12336,32,KIUL,KIUL JN,2,15:20,15:25,5,1812
12336,33,KJH,KAJRA,2,15:42,15:44,2,1828
12336,34,AHA,ABHAIPUR,2,15:52,15:54,2,1835
12336,35,JMP,JAMALPUR JN,2,16:13,16:18,5,1857
12336,36,BUP,BARIARPUR,2,16:31,16:33,2,1868
12336,37,SGG,SULTANGANJ,2,16:49,16:51,2,1885
12336,38,BGP,BHAGALPUR,2,17:55,,0,1910
12340,1,DHN,DHANBAD JN,1,,05:50,0,0
12340,2,KMME,KUMARDUBI,1,06:18,06:19,1,39
12340,3,BRR,BARAKAR,1,06:23,06:24,1,41
12340,4,ULT,KULTI,1,06:28,06:29,1,45
12340,5,STN,SITARAMPUR,1,06:34,06:35,1,49
12340,6,ASN,ASANSOL JN.,1,06:50,06:53,3,57
12340,7,RNG,RANIGANJ,1,07:09,07:10,1,76
12340,8,UDL,ANDAL JN.,1,07:18,07:20,2,83
12340,9,OYR,WARIA,1,07:29,07:30,1,91
12340,10,DGR,DURGAPUR,1,07:39,07:41,2,100
12340,11,PAN,PANAGARH,1,07:54,07:55,1,115
12340,12,MNAE,MANKAR,1,08:05,08:06,1,125
12340,13,HWH,HOWRAH JN,1,10:25,,0,257
12341,1,HWH,HOWRAH JN,1,,18:20,0,0
12341,2,BWN,BARDHAMAN,1,19:17,19:19,2,95
12341,3,MNAE,MANKAR,1,19:52,19:53,1,132
12341,4,PAN,PANAGARH,1,20:02,20:03,1,142
12341,5,DGR,DURGAPUR,1,20:15,20:17,2,157
12341,6,UDL,ANDAL JN.,1,20:29,20:31,2,174
12341,7,RNG,RANIGANJ,1,20:42,20:43,1,181
12341,8,ASN,ASANSOL JN.,1,21:30,,0,199
12345,1,HWH,HOWRAH JN,1,,16:05,0,0
12345,2,BWN,BARDHAMAN,1,16:57,16:59,2,95
12345,3,BHP,BOLPUR S NIKTN,1,17:48,17:53,5,146
12345,4,SNT,SAINTHIA,1,18:19,18:21,2,179
12345,5,RPH,RAMPUR HAT,1,18:50,18:52,2,207
12345,6,NFK,NEW FARAKKA JN,1,20:31,20:33,2,295
12345,7,MLDT,MALDA TOWN,1,21:20,21:30,10,329
12345,8,KNE,KISHANGANJ,1,23:28,23:30,2,474
12345,9,NJP,NEW JALPAIGURI,2,01:05,01:15,10,562
12345,10,DQG,DHUPGURI,2,02:20,02:22,2,627
12345,11,FLK,FALAKATA,2,02:46,02:48,2,650
12345,12,NCB,NEW COOCH BEHAR,2,03:18,03:20,2,688
12345,13,NOQ,NEW ALIPURDUAR,2,03:40,03:42,2,706
12345,14,KOJ,KOKRAJHAR,2,04:38,04:40,2,785
12345,15,NBQ,NEW BONGAIGAON,2,05:45,05:55,10,816
12345,16,GLPT,GOALPARA TOWN,2,06:35,06:37,2,867
12345,17,KYQ,KAMAKHYA,2,08:58,09:03,5,992
12345,18,GHY,GUWAHATI,2,09:40,,0,998
12389,1,GAYA,GAYA JN,1,,05:30,0,0
12389,2,DOS,DEHRI ON SONE,1,06:25,06:27,2,85
12389,3,SSM,SASARAM,1,06:44,06:46,2,103
12389,4,BBU,BHABUA ROAD,1,07:16,07:18,2,151
12389,5,DDU,PT.DEEN DAYAL UPADHYAYA JN.,1,08:23,08:30,7,204
12389,6,PCOI,PRAYAGRAJ CHHEOKI,1,10:25,10:27,2,348
12389,7,MKP,MANIKPUR JN,1,12:13,12:15,2,440
12389,8,STA,SATNA,1,13:10,13:15,5,518
12389,9,KTE,KATNI,1,14:25,14:30,5,616
12389,10,JBP,JABALPUR,1,15:55,16:05,10,706
12389,11,NIR,NAINPUR JN,1,18:50,18:55,5,829
12389,12,BTC,BALAGHAT JN,1,20:18,20:20,2,904
12389,13,G,GONDIA JN,1,21:20,21:30,10,945
12389,14,NAB,NAGBHIR JN,1,23:18,23:20,2,1076
12389,15,BPQ,BALHARSHAH,2,02:05,02:10,5,1194
12389,16,WL,WARANGAL,2,05:33,05:35,2,1440
12389,17,BZA,VIJAYAWADA JN,2,08:45,08:55,10,1647
12389,18,OGL,ONGOLE,2,11:14,11:15,1,1785
12389,19,NLR,NELLORE,2,12:48,12:50,2,1901
12389,20,MAS,PURATCHI THALAIVAR DR. MGR CTL,2,16:20,,0,2075
12409,1,RIG,RAIGARH,1,,03:25,0,0
12409,2,KHS,KHARSIA,1,03:50,03:52,2,34
12409,3,SKT,SAKTI,1,04:05,04:07,2,50
12409,4,CPH,CHAMPA,1,04:31,04:36,5,80
12409,5,AKT,AKALTARA,1,04:54,04:56,2,106
12409,6,BSP,BILASPUR JN.,1,05:40,05:50,10,133
12409,7,BYT,BHATAPARA,1,06:28,06:30,2,184
12409,8,TLD,TILDA,1,06:51,06:53,2,210
12409,9,R,RAIPUR JN.,1,07:30,07:40,10,248
12409,10,DURG,DURG,1,08:30,08:35,5,285
12409,11,RJN,RAJNANDGAON,1,08:54,08:56,2,316
12409,12,DGG,DONGARGARH,1,09:19,09:21,2,348
12409,13,G,GONDIA JN,1,10:28,10:30,2,421
12409,14,TMR,TUMSAR ROAD,1,11:06,11:08,2,470
12409,15,BRD,BHANDARA ROAD,1,11:22,11:24,2,488
12409,16,NGP,NAGPUR JN.,1,12:35,12:55,20,551
12409,17,KATL,KATOL,1,13:44,13:45,1,610
12409,18,NRKR,NARKHER,1,14:03,14:04,1,635
12409,19,PAR,PANDHURNA,1,14:09,14:10,1,653
12409,20,MTY,MULTAI,1,14:44,14:45,1,694
12409,21,AMLA,AMLA JN,1,15:00,15:02,2,717
12409,22,BZU,BETUL,1,15:18,15:20,2,740
12409,23,GDYA,GHORADONGRI,1,15:57,15:58,1,776
12409,24,ET,ITARSI JN,1,17:45,17:50,5,847
12409,25,NDPM,NARMADAPURAM,1,18:08,18:10,2,864
12409,26,BPL,BHOPAL JN.,1,19:25,19:35,10,938
12409,27,BHS,VIDISHA,1,20:15,20:17,2,992
12409,28,BAQ,GANJ BASODA,1,20:36,20:38,2,1031
12409,29,BINA,BINA JN,1,21:38,21:40,2,1077
12409,30,LAR,LALITPUR,1,22:20,22:22,2,1139
12409,31,VGLJ,VIRANGANA LAKSHMIBAI JHANSI JN,1,23:30,23:38,8,1228
12409,32,DAA,DATIA,2,00:01,00:03,2,1253
12409,33,GWL,GWALIOR JN.,2,00:48,00:50,2,1326
12409,34,AGC,AGRA CANTT JN,2,02:15,02:20,5,1445
12409,35,MTJ,MATHURA JN.,2,02:55,02:57,2,1498
12409,36,NZM,HAZRAT NIZAMUDDIN JN,2,05:00,,0,1632
12416,1,NDLS,NEW DELHI,1,,21:50,0,0
12416,2,NZM,HAZRAT NIZAMUDDIN JN,1,22:01,22:03,2,7
12416,3,MTJ,MATHURA JN.,1,23:35,23:40,5,141
12416,4,BTE,BHARATPUR JN,2,00:03,00:05,2,174
12416,5,BXN,BAYANA JN,2,00:30,00:32,2,216
12416,6,SMVJ,SHRI MAHAVEERJI,2,00:58,01:00,2,259
12416,7,GGC,GANGAPUR CITY JUNCTION,2,01:23,01:25,2,293
12416,8,SWM,SAWAI MADHOPUR JN,2,02:03,02:05,2,357
12416,9,KOTA,KOTA JN,2,03:20,03:30,10,465
12416,10,RMA,RAMGANJ MANDI JUNCTION,2,04:13,04:15,2,537
12416,11,BWM,BHAWANI MANDI,2,04:33,04:35,2,565
12416,12,GOH,GAROT,2,04:50,04:52,2,588
12416,13,SGZ,SHAMGARH,2,05:03,05:05,2,598
12416,14,SVA,SUWASRA,2,05:18,05:20,2,612
12416,15,CMU,CHAU MAHLA,2,05:38,05:40,2,627
12416,16,VMA,VIKRAMGARH ALOT,2,06:03,06:05,2,650
12416,17,MEP,MAHIDPUR ROAD,2,06:28,06:30,2,673
12416,18,NAD,NAGDA JN,2,07:10,07:25,15,690
12416,19,UJN,UJJAIN JN,2,08:20,08:25,5,745
12416,20,DWX,DEWAS,2,09:01,09:03,2,785
12416,21,INDB,INDORE JN,2,10:05,,0,827
12418,1,NDLS,NEW DELHI,1,,22:10,0,0
12418,2,GZB,GHAZIABAD,1,22:42,22:44,2,26
12418,3,ALJN,ALIGARH JN,1,23:55,23:57,2,132
12418,4,CNB,KANPUR CENTRAL,2,03:50,03:55,5,441
12418,5,FTP,FATEHPUR,2,04:50,04:52,2,518
12418,6,PRYJ,PRAYAGRAJ JN,2,07:00,,0,635
12421,1,NED,NANDED,1,,11:05,0,0
12421,2,PAU,PURNA JN,1,11:35,11:55,20,30
12421,3,HNL,HINGOLI DECCAN,1,12:59,13:00,1,111
12421,4,WHM,WASHIM,1,13:49,13:50,1,160
12421,5,AK,AKOLA JN.,1,15:55,16:00,5,239
12421,6,SEG,SHEGAON,1,16:29,16:30,1,277
12421,7,MKU,MALKAPUR,1,17:00,17:02,2,329
12421,8,KNW,KHANDWA JUNCTION,1,20:12,20:15,3,496
12421,9,ET,ITARSI JN,1,22:40,22:45,5,673
12421,10,BPL,BHOPAL JN.,2,00:20,00:30,10,765
12421,11,BINA,BINA JN,2,02:15,02:18,3,903
12421,12,VGLJ,VIRANGANA LAKSHMIBAI JHANSI JN,2,04:01,04:09,8,1055
12421,13,GWL,GWALIOR JN.,2,05:09,05:11,2,1153
12421,14,AGC,AGRA CANTT JN,2,06:45,06:50,5,1272
12421,15,NDLS,NEW DELHI,2,10:10,10:25,15,1466
12421,16,ROK,ROHTAK JN,2,11:30,11:32,2,1537
12421,17,NRW,NARWANA JN,2,12:33,12:35,2,1628
12421,18,JHL,JAKHAL JN,2,13:41,13:43,2,1666
12421,19,SAG,SANGRUR,2,14:23,14:25,2,1716
12421,20,DUI,DHURI JN,2,14:46,14:48,2,1732
12421,21,LDH,LUDHIANA JN,2,16:00,16:10,10,1794
12421,22,PGW,PHAGWARA JN,2,16:39,16:41,2,1830
12421,23,JUC,JALANDHAR CITY,2,17:10,17:15,5,1851
12421,24,BEAS,BEAS,2,17:45,17:47,2,1887
12421,25,ASR,AMRITSAR,2,18:35,,0,1929
12422,1,ASR,AMRITSAR,1,,14:30,0,0
12422,2,BEAS,BEAS,1,14:58,15:00,2,42
12422,3,JUC,JALANDHAR CITY,1,15:35,15:40,5,79
12422,4,PGW,PHAGWARA JN,1,15:58,16:00,2,100
12422,5,LDH,LUDHIANA JN,1,16:55,17:05,10,135
12422,6,DUI,DHURI JN,1,18:10,18:25,15,197
12422,7,SAG,SANGRUR,1,18:38,18:40,2,213
12422,8,JHL,JAKHAL JN,1,19:40,19:42,2,264
12422,9,NRW,NARWANA JN,1,20:07,20:09,2,302
12422,10,ROK,ROHTAK JN,1,21:08,21:10,2,393
12422,11,NDLS,NEW DELHI,1,23:00,23:15,15,464
12422,12,AGC,AGRA CANTT JN,2,01:20,01:25,5,658
12422,13,GWL,GWALIOR JN.,2,02:58,03:00,2,776
12422,14,VGLJ,VIRANGANA LAKSHMIBAI JHANSI JN,2,04:30,04:38,8,875
12422,15,BINA,BINA JN,2,06:30,06:35,5,1026
12422,16,BPL,BHOPAL JN.,2,08:25,08:35,10,1164
12422,17,ET,ITARSI JN,2,10:20,10:25,5,1256
12422,18,KNW,KHANDWA JUNCTION,2,13:05,13:10,5,1434
12422,19,MKU,MALKAPUR,2,15:18,15:20,2,1600
12422,20,SEG,SHEGAON,2,16:00,16:01,1,1653
12422,21,AK,AKOLA JN.,2,16:55,17:00,5,1690
12422,22,WHM,WASHIM,2,18:09,18:10,1,1769
12422,23,HNL,HINGOLI DECCAN,2,18:49,18:50,1,1819
12422,24,PAU,PURNA JN,2,20:20,20:40,20,1899
12422,25,NED,NANDED,2,21:40,,0,1929
12423,1,DBRG,DIBRUGARH,1,,20:35,0,0
12423,2,NTSK,NEW TINSUKIA,1,21:20,21:30,10,42
12423,3,MXN,MARIANI JN,1,23:40,23:45,5,198
12423,4,FKG,FURKATING JN.,2,00:45,00:47,2,236
12423,5,DMV,DIMAPUR,2,02:00,02:07,7,306
12423,6,DPU,DIPHU,2,02:42,02:44,2,344
12423,7,LMG,LUMDING JN,2,03:15,03:20,5,375
12423,8,CPK,CHAPARMUKH JN,2,04:36,04:38,2,465
12423,9,GHY,GUWAHATI,2,06:20,06:35,15,556
12423,10,RNY,RANGIYA JN.,2,07:28,07:30,2,604
12423,11,NBQ,NEW BONGAIGAON,2,09:00,09:10,10,713
12423,12,KOJ,KOKRAJHAR,2,09:50,09:52,2,744
12423,13,NCB,NEW COOCH BEHAR,2,10:58,11:00,2,841
12423,14,NJP,NEW JALPAIGURI,2,13:05,13:15,10,967
12423,15,KNE,KISHANGANJ,2,14:20,14:22,2,1054
12423,16,KIR,KATIHAR JN,2,16:20,16:30,10,1152
12423,17,NNA,NAUGACHIA,2,17:08,17:10,2,1209
12423,18,MNE,MANSI JN,2,18:03,18:05,2,1267
12423,19,BJU,BARAUNI JN,2,19:05,19:15,10,1332
12423,20,PPTA,PATLIPUTRA,2,21:30,21:40,10,1441
12423,21,DNR,DANAPUR,2,21:56,21:58,2,1447
12423,22,DDU,PT.DEEN DAYAL UPADHYAYA JN.,3,00:53,01:00,7,1644
12423,23,PRYJ,PRAYAGRAJ JN,3,02:50,02:52,2,1797
12423,24,CNB,KANPUR CENTRAL,3,04:55,05:00,5,1991
12423,25,NDLS,NEW DELHI,3,10:30,,0,2432
12432,1,NZM,HAZRAT NIZAMUDDIN JN,1,,06:16,0,0
12432,2,KOTA,KOTA JN,1,10:45,10:55,10,457
12432,3,RTM,RATLAM JN,1,14:02,14:05,3,724
12432,4,BRC,VADODARA JN,1,17:27,17:37,10,981
12432,5,ST,SURAT,1,19:14,19:17,3,1111
12432,6,BSR,VASAI ROAD,1,21:40,21:45,5,1326
12432,7,PNVL,PANVEL,1,22:57,23:00,3,1390
12432,8,RN,RATNAGIRI,2,03:50,03:55,5,1670
12432,9,SWV,SAWANTWADI ROAD,2,06:18,06:20,2,1831
12432,10,MAO,MADGAON JUNCTION,2,08:25,08:35,10,1909
12432,11,KAWR,KARWAR,2,09:26,09:28,2,1968
12432,12,UD,UDUPI,2,12:48,12:50,2,2158
12432,13,MAJN,MANGALORE JUNCTION,2,14:05,14:10,5,2224
12432,14,KGQ,KASARAGOD,2,14:49,14:50,1,2269
12432,15,CAN,KANNUR,2,16:07,16:10,3,2354
12432,16,CLT,KOZHIKKODE,2,17:32,17:35,3,2444
12432,17,SRR,SHORANUR JN,2,19:20,19:25,5,2529
12432,18,TCR,THRISUR,2,20:08,20:10,2,2563
12432,19,ERS,ERNAKULAM JN,2,21:25,21:30,5,2637
12432,20,ALLP,ALAPPUZHA,2,22:28,22:30,2,2694
12432,21,QLN,KOLLAM JN,3,00:03,00:05,2,2778
12432,22,TVC,THIRUVANANTHAPURAM CENTRAL,3,01:50,,0,2843
12433,1,MAS,PURATCHI THALAIVAR DR. MGR CTL,1,,06:05,0,0
12433,2,BZA,VIJAYAWADA JN,1,11:30,11:40,10,428
12433,3,WL,WARANGAL,1,14:18,14:20,2,635
12433,4,BPQ,BALHARSHAH,1,17:40,17:45,5,880
12433,5,NGP,NAGPUR JN.,1,20:25,20:30,5,1089
12433,6,BPL,BHOPAL JN.,2,02:05,02:15,10,1476
12433,7,VGLJ,VIRANGANA LAKSHMIBAI JHANSI JN,2,05:20,05:25,5,1766
12433,8,GWL,GWALIOR JN.,2,06:23,06:25,2,1864
12433,9,AGC,AGRA CANTT JN,2,07:50,07:52,2,1982
12433,10,NZM,HAZRAT NIZAMUDDIN JN,2,10:30,,0,2169
12434,1,NZM,HAZRAT NIZAMUDDIN JN,1,,15:35,0,0
12434,2,AGC,AGRA CANTT JN,1,17:25,17:27,2,187
12434,3,GWL,GWALIOR JN.,1,18:53,18:55,2,305
12434,4,VGLJ,VIRANGANA LAKSHMIBAI JHANSI JN,1,20:10,20:15,5,404
12434,5,BPL,BHOPAL JN.,1,23:30,23:40,10,693
12434,6,NGP,NAGPUR JN.,2,05:05,05:10,5,1080
12434,7,BPQ,BALHARSHAH,2,08:00,08:05,5,1289
12434,8,WL,WARANGAL,2,11:14,11:15,1,1535
12434,9,BZA,VIJAYAWADA JN,2,14:20,14:30,10,1741
12434,10,MAS,PURATCHI THALAIVAR DR. MGR CTL,2,20:50,,0,2169
12438,1,NZM,HAZRAT NIZAMUDDIN JN,1,,15:35,0,0
12438,2,VGLJ,VIRANGANA LAKSHMIBAI JHANSI JN,1,20:10,20:15,5,404
12438,3,BPL,BHOPAL JN.,1,23:30,23:40,10,693
12438,4,NGP,NAGPUR JN.,2,05:05,05:10,5,1085
12438,5,BPQ,BALHARSHAH,2,08:00,08:05,5,1294
12438,6,KZJ,KAZIPET JN,2,11:03,11:05,2,1534
12438,7,SC,SECUNDERABAD JN,2,13:40,,0,1664
12442,1,NDLS,NEW DELHI,1,,15:25,0,0
12442,2,GWL,GWALIOR JN.,1,18:53,18:55,2,312
12442,3,VGLJ,VIRANGANA LAKSHMIBAI JHANSI JN,1,20:10,20:15,5,411
12442,4,BPL,BHOPAL JN.,1,23:30,23:40,10,701
12442,5,NGP,NAGPUR JN.,2,05:10,05:30,20,1087
12442,6,G,GONDIA JN,2,07:05,07:07,2,1218
12442,7,RJN,RAJNANDGAON,2,08:15,08:17,2,1322
12442,8,DURG,DURG,2,09:15,09:20,5,1353
12442,9,R,RAIPUR JN.,2,09:55,10:00,5,1389
12442,10,BSP,BILASPUR JN.,2,12:00,,0,1505
12445,1,NDLS,NEW DELHI,1,,20:50,0,0
12445,2,PNP,PANIPAT JN,1,21:53,21:55,2,89
12445,3,UMB,AMBALA CANT JN,1,23:30,23:35,5,198
12445,4,LDH,LUDHIANA JN,2,01:05,01:15,10,312
12445,5,JRC,JALANDHAR CANT,2,01:58,02:03,5,364
12445,6,PTKC,PATHANKOT CANTT,2,03:50,03:55,5,477
12445,7,MSKT,MSKT KATHUA,2,04:24,04:26,2,501
12445,8,JAT,JAMMUTAVI,2,05:50,05:55,5,577
12445,9,MNWL,MANWAL,2,06:05,06:07,2,608
12445,10,RMJK,RAM NAGAR,2,06:56,06:58,2,620
12445,11,MCTM,MARTYR CAPTAIN TUSHAR MAHAJAN,2,07:11,07:13,2,630
12445,12,SVDK,SHRI MATA VAISHNO DEVI KATRA,2,07:55,,0,655
12453,1,RNC,RANCHI,1,,17:15,0,0
12453,2,LAD,LOHARDAGA  BS,1,18:00,18:02,2,66
12453,3,LTHR,LATEHAR,1,19:28,19:30,2,143
12453,4,DTO,DALTONGANJ,1,20:22,20:24,2,210
12453,5,GHD,GARWA ROAD JN,1,21:15,21:20,5,244
12453,6,NUQ,NAGAR UNTARI,1,21:45,21:47,2,288
12453,7,RNQ,RENUKUT,1,22:36,22:38,2,343
12453,8,CPU,CHOPAN,2,00:01,00:06,5,385
12453,9,SBDR,SONBHADRA,2,00:48,00:50,2,412
12453,10,PRYJ,PRAYAGRAJ JN,2,03:33,03:35,2,609
12453,11,CNB,KANPUR CENTRAL,2,05:35,05:40,5,803
12453,12,NDLS,NEW DELHI,2,11:10,,0,1244
12454,1,NDLS,NEW DELHI,1,,16:10,0,0
12454,2,CNB,KANPUR CENTRAL,1,20:50,20:55,5,441
12454,3,PRYJ,PRAYAGRAJ JN,1,22:58,23:00,2,635
12454,4,SBDR,SONBHADRA,2,01:38,01:40,2,832
12454,5,CPU,CHOPAN,2,02:45,02:50,5,859
12454,6,RNQ,RENUKUT,2,03:25,03:27,2,900
12454,7,NUQ,NAGAR UNTARI,2,04:13,04:15,2,956
12454,8,GHD,GARWA ROAD JN,2,05:00,05:05,5,1000
12454,9,DTO,DALTONGANJ,2,05:40,05:42,2,1033
12454,10,LTHR,LATEHAR,2,06:37,06:39,2,1101
12454,11,LAD,LOHARDAGA  BS,2,08:13,08:15,2,1178
12454,12,RNC,RANCHI,2,09:45,,0,1245
12471,1,BDTS,BANDRA TERMINUS,1,,11:00,0,0
12471,2,BVI,BORIVALI,1,11:19,11:22,3,19
12471,3,PLG,PALGHAR,1,12:06,12:08,2,76
12471,4,VAPI,VAPI,1,12:58,13:00,2,157
12471,5,ST,SURAT,1,14:19,14:24,5,252
12471,6,BH,BHARUCH JN,1,15:02,15:04,2,311
12471,7,BRC,VADODARA JN,1,15:56,16:06,10,381
12471,8,GDA,GODHRA JN,1,17:12,17:14,2,453
12471,9,DHD,DAHOD,1,18:00,18:02,2,525
12471,10,MGN,MEGHNAGAR,1,18:26,18:28,2,558
12471,11,BMI,BAMNIA,1,19:00,19:02,2,593
12471,12,RTM,RATLAM JN,1,19:45,19:55,10,638
12471,13,NAD,NAGDA JN,1,20:43,20:48,5,680
12471,14,VMA,VIKRAMGARH ALOT,1,21:13,21:15,2,720
12471,15,BWM,BHAWANI MANDI,1,22:03,22:05,2,804
12471,16,KOTA,KOTA JN,1,23:15,23:25,10,905
12471,17,SWM,SAWAI MADHOPUR JN,2,00:33,00:35,2,1013
12471,18,GGC,GANGAPUR CITY JUNCTION,2,01:13,01:15,2,1076
12471,19,MTJ,MATHURA JN.,2,03:10,03:15,5,1229
12471,20,NZM,HAZRAT NIZAMUDDIN JN,2,05:03,05:05,2,1362
12471,21,NDLS,NEW DELHI,2,05:25,05:40,15,1369
12471,22,PNP,PANIPAT JN,2,07:13,07:15,2,1459
12471,23,UMB,AMBALA CANT JN,2,08:47,08:52,5,1568
12471,24,LDH,LUDHIANA JN,2,10:18,10:25,7,1681
12471,25,PGW,PHAGWARA JN,2,10:54,10:56,2,1717
12471,26,JRC,JALANDHAR CANT,2,11:13,11:16,3,1734
12471,27,PTKC,PATHANKOT CANTT,2,13:00,13:03,3,1846
12471,28,MSKT,MSKT KATHUA,2,13:31,13:33,2,1870
12471,29,JAT,JAMMUTAVI,2,14:50,14:55,5,1946
12471,30,MCTM,MARTYR CAPTAIN TUSHAR MAHAJAN,2,16:33,16:35,2,1999
12471,31,SVDK,SHRI MATA VAISHNO DEVI KATRA,2,17:50,,0,2024
12484,1,ASR,AMRITSAR,1,,05:55,0,0
12484,2,BEAS,BEAS,1,06:23,06:25,2,42
12484,3,JUC,JALANDHAR CITY,1,07:02,07:07,5,79
12484,4,LDH,LUDHIANA JN,1,08:02,08:12,10,135
12484,5,UMB,AMBALA CANT JN,1,10:00,10:20,20,249
12484,6,NDLS,NEW DELHI,1,12:55,13:10,15,447
12484,7,NZM,HAZRAT NIZAMUDDIN JN,1,13:21,13:23,2,455
12484,8,KOTA,KOTA JN,1,18:05,18:15,10,912
12484,9,RTM,RATLAM JN,1,21:30,21:35,5,1178
12484,10,BRC,VADODARA JN,2,01:15,01:23,8,1436
12484,11,ST,SURAT,2,03:00,03:05,5,1565
12484,12,BSR,VASAI ROAD,2,05:55,06:00,5,1780
12484,13,PNVL,PANVEL,2,07:27,07:30,3,1844
12484,14,CHI,CHIPLUN,2,11:30,11:32,2,2049
12484,15,RN,RATNAGIRI,2,13:20,13:25,5,2125
12484,16,MAO,MADGAON JUNCTION,2,18:25,18:35,10,2364
12484,17,UD,UDUPI,2,23:10,23:12,2,2612
12484,18,MAJN,MANGALORE JUNCTION,3,01:10,01:15,5,2679
12484,19,KGQ,KASARAGOD,3,01:54,01:55,1,2723
12484,20,CAN,KANNUR,3,03:07,03:10,3,2809
12484,21,CLT,KOZHIKKODE,3,04:32,04:35,3,2898
12484,22,SRR,SHORANUR JN,3,06:20,06:25,5,2984
12484,23,TCR,THRISUR,3,07:32,07:35,3,3018
12484,24,ERS,ERNAKULAM JN,3,09:30,09:35,5,3092
12484,25,ALLP,ALAPPUZHA,3,10:47,10:50,3,3149
12484,26,KYJ,KAYANKULAM JN,3,12:00,12:02,2,3192
12484,27,QLN,KOLLAM JN,3,12:42,12:45,3,3233
12484,28,TVCN,THIRUVANANTHAPURAM NORTH,3,14:30,,0,3291
12486,1,SGNR,SHRI GANGANAGAR,1,,14:30,0,0
12486,2,ABS,ABOHAR,1,15:12,15:14,2,53
12486,3,MOT,MALOUT,1,15:35,15:37,2,83
12486,4,GDB,GIDDARBAHA,1,15:51,15:53,2,99
12486,5,BTI,BATHINDA,1,16:30,16:55,25,127
12486,6,PUL,RAMPURA PHUL,1,17:18,17:20,2,159
12486,7,BNN,BARNALA,1,17:45,17:46,1,191
12486,8,DUI,DHURI JN,1,18:20,18:25,5,222
12486,9,SAG,SANGRUR,1,18:38,18:40,2,238
12486,10,SFMU,SUNAM UDHAM SINGH WALA,1,18:52,18:54,2,250
12486,11,JHL,JAKHAL JN,1,19:40,19:42,2,288
12486,12,JIND,JIND JN,1,20:30,20:32,2,360
12486,13,ROK,ROHTAK JN,1,21:10,21:12,2,417
12486,14,NDLS,NEW DELHI,1,23:00,23:15,15,488
12486,15,MTJ,MATHURA JN.,2,00:41,00:43,2,629
12486,16,AGC,AGRA CANTT JN,2,01:20,01:25,5,682
12486,17,GWL,GWALIOR JN.,2,02:58,03:00,2,801
12486,18,VGLJ,VIRANGANA LAKSHMIBAI JHANSI JN,2,04:30,04:38,8,899
12486,19,BINA,BINA JN,2,06:30,06:35,5,1050
12486,20,BPL,BHOPAL JN.,2,08:25,08:35,10,1189
12486,21,ET,ITARSI JN,2,10:20,10:25,5,1280
12486,22,KNW,KHANDWA JUNCTION,2,13:05,13:10,5,1458
12486,23,MKU,MALKAPUR,2,15:18,15:20,2,1625
12486,24,SEG,SHEGAON,2,16:00,16:01,1,1677
12486,25,AK,AKOLA JN.,2,16:55,17:00,5,1714
12486,26,WHM,WASHIM,2,18:09,18:10,1,1793
12486,27,HNL,HINGOLI DECCAN,2,18:49,18:50,1,1843
12486,28,PAU,PURNA JN,2,20:20,20:40,20,1923
12486,29,NED,NANDED,2,21:40,,0,1954
12534,1,CSMT,C SHIVAJI MAH T,1,,08:25,0,0
12534,2,KYN,KALYAN JN,1,09:12,09:15,3,53
12534,3,IGP,IGATPURI,1,10:52,10:57,5,136
12534,4,NK,NASIK ROAD,1,11:37,11:40,3,187
12534,5,MMR,MANMAD JN,1,12:33,12:35,2,260
12534,6,BSL,BHUSAVAL JN,1,15:00,15:05,5,444
12534,7,KNW,KHANDWA JUNCTION,1,17:02,17:05,3,568
12534,8,ET,ITARSI JN,1,19:25,19:30,5,745
12534,9,RKMP,RANI KAMALAPATI,1,20:58,21:00,2,831
12534,10,BPL,BHOPAL JN.,1,21:15,21:25,10,837
12534,11,LAR,LALITPUR,1,23:46,23:48,2,1038
12534,12,VGLJ,VIRANGANA LAKSHMIBAI JHANSI JN,2,00:55,01:03,8,1126
12534,13,ORAI,ORAI,2,02:18,02:20,2,1240
12534,14,CNB,KANPUR CENTRAL,2,04:55,05:05,10,1346
12534,15,ON,UNNAO JN,2,05:31,05:33,2,1364
12534,16,ASH,AISHBAGH,2,07:13,07:15,2,1422
12534,17,BNZ,BADSHAHNAGAR,2,07:30,07:35,5,1431
12534,18,GTNR,GOMTI NAGAR,2,08:00,,0,1435
12556,1,BTI,BATHINDA,1,,14:15,0,0
12556,2,SSA,SIRSA,1,15:20,15:25,5,76
12556,3,BHT,BHATTU,1,15:51,15:53,2,111
12556,4,ADR,MANDI ADAMPUR,1,16:07,16:09,2,128
12556,5,HSR,HISAR,1,16:35,16:40,5,157
12556,6,BNW,BHIWANI JN.,1,17:40,18:05,25,217
12556,7,KLNK,KALANAUR KALAN,1,18:31,18:33,2,246
12556,8,ROK,ROHTAK JN,1,19:33,19:35,2,267
12556,9,BGZ,BAHADURGARH,1,20:03,20:05,2,307
12556,10,NNO,NANGLOI,1,20:16,20:18,2,320
12556,11,SSB,SHAKURBASTI,1,20:26,20:28,2,327
12556,12,NDLS,NEW DELHI,1,21:10,21:25,15,338
12556,13,CNB,KANPUR CENTRAL,2,02:55,03:05,10,779
12556,14,ON,UNNAO JN,2,03:36,03:38,2,796
12556,15,LKO,LUCKNOW JN.,2,04:50,05:00,10,852
12556,16,BBK,BARABANKI JN,2,05:48,05:50,2,881
12556,17,GD,GONDA JN,2,07:00,07:05,5,969
12556,18,MUR,MANKAPUR JN,2,07:27,07:29,2,997
12556,19,BV,BABHNAN,2,07:53,07:55,2,1028
12556,20,BST,BASTI,2,08:19,08:22,3,1058
12556,21,KLD,KHALILABAD,2,08:42,08:44,2,1088
12556,22,GKP,GORAKHPUR JN,2,10:00,,0,1123
12584,1,ANVT,ANAND VIHAR TERMINAL,1,,14:05,0,0
12584,2,GZB,GHAZIABAD,1,14:33,14:35,2,13
12584,3,MB,MORADABAD,1,16:37,16:42,5,154
12584,4,BE,BAREILLY(NR),1,18:06,18:08,2,244
12584,5,LJN,LUCKNOW,1,22:25,,0,479
12592,1,YPR,YESVANTPUR JN.,1,,17:30,0,0
12592,2,HUP,HINDUPUR,1,18:46,18:47,1,94
12592,3,DMM,DHARMAVARAM JN,1,20:28,20:30,2,172
12592,4,ATP,ANANTAPUR,1,20:58,21:00,2,206
12592,5,GTL,GUNTAKAL JN,1,22:10,22:15,5,274
12592,6,AD,ADONI,1,22:58,23:00,2,325
12592,7,MALM,MANTHRALAYAM RD,1,23:28,23:30,2,366
12592,8,RC,RAICHUR,2,00:08,00:10,2,396
12592,9,BMT,BEGAMPET,2,05:33,05:35,2,681
12592,10,SC,SECUNDERABAD JN,2,05:50,06:00,10,685
12592,11,KZJ,KAZIPET JN,2,08:03,08:05,2,816
12592,12,RDM,RAMGUNDAM,2,09:39,09:40,1,914
12592,13,MCI,MANCHERAL,2,09:59,10:00,1,928
12592,14,BPA,BELAMPALLI,2,10:29,10:30,1,948
12592,15,SKZR,SIRPUR KAGHAZNAGAR,2,10:59,11:00,1,986
12592,16,BPQ,BALHARSHAH,2,12:25,12:30,5,1056
12592,17,CD,CHANDRAPUR,2,12:45,12:47,2,1070
12592,18,NGP,NAGPUR JN.,2,15:50,15:55,5,1265
12592,19,AMLA,AMLA JN,2,18:08,18:10,2,1431
12592,20,BZU,BETUL,2,18:26,18:28,2,1454
12592,21,GDYA,GHORADONGRI,2,19:01,19:02,1,1490
12592,22,ET,ITARSI JN,2,21:55,22:05,10,1560
12592,23,BPL,BHOPAL JN.,2,23:40,23:45,5,1652
12592,24,LAR,LALITPUR,3,02:24,02:26,2,1853
12592,25,VGLJ,VIRANGANA LAKSHMIBAI JHANSI JN,3,03:35,03:43,8,1942
12592,26,ORAI,ORAI,3,04:58,05:00,2,2055
12592,27,PHN,POKHRAYAN,3,05:37,05:39,2,2103
12592,28,CNB,KANPUR CENTRAL,3,07:55,08:05,10,2161
12592,29,ON,UNNAO JN,3,08:31,08:33,2,2179
12592,30,ASH,AISHBAGH,3,09:40,09:50,10,2233
12592,31,BNZ,BADSHAHNAGAR,3,10:10,10:13,3,2243
12592,32,BBK,BARABANKI JN,3,10:51,10:53,2,2267
12592,33,GD,GONDA JN,3,12:15,12:20,5,2356
12592,34,MUR,MANKAPUR JN,3,12:42,12:44,2,2384
12592,35,BST,BASTI,3,13:30,13:33,3,2445
12592,36,KLD,KHALILABAD,3,14:01,14:03,2,2475
12592,37,GKP,GORAKHPUR JN,3,15:10,,0,2509
12615,1,MAS,PURATCHI THALAIVAR DR. MGR CTL,1,,18:15,0,0
12615,2,GDR,GUDUR JN,1,20:28,20:30,2,135
12615,3,NLR,NELLORE,1,20:58,21:00,2,174
12615,4,OGL,ONGOLE,1,22:28,22:30,2,290
12615,5,CLX,CHIRALA,1,23:13,23:15,2,339
12615,6,TEL,TENALI JN,2,00:08,00:10,2,397
12615,7,BZA,VIJAYAWADA JN,2,00:45,00:55,10,428
12615,8,KMT,KHAMMAM,2,02:29,02:30,1,529
12615,9,WL,WARANGAL,2,03:58,04:00,2,635
12615,10,RDM,RAMGUNDAM,2,05:29,05:30,1,738
12615,11,MCI,MANCHERAL,2,05:49,05:50,1,752
12615,12,SKZR,SIRPUR KAGHAZNAGAR,2,06:44,06:45,1,811
12615,13,BPQ,BALHARSHAH,2,08:05,08:10,5,880
12615,14,CD,CHANDRAPUR,2,08:25,08:27,2,894
12615,15,HGT,HINGANGHAT,2,09:29,09:30,1,980
12615,16,SEGM,SEVAGRAM,2,10:03,10:05,2,1013
12615,17,NGP,NAGPUR JN.,2,11:25,11:30,5,1089
12615,18,NRKR,NARKHER,2,12:33,12:34,1,1173
12615,19,PAR,PANDHURNA,2,12:49,12:50,1,1191
12615,20,AMLA,AMLA JN,2,13:48,13:50,2,1255
12615,21,BZU,BETUL,2,14:08,14:10,2,1278
12615,22,GDYA,GHORADONGRI,2,14:49,14:50,1,1314
12615,23,ET,ITARSI JN,2,16:40,16:50,10,1385
12615,24,NDPM,NARMADAPURAM,2,17:08,17:10,2,1402
12615,25,RKMP,RANI KAMALAPATI,2,18:18,18:20,2,1470
12615,26,BPL,BHOPAL JN,2,18:40,18:45,5,1476
12615,27,BHS,VIDISHA,2,19:20,19:22,2,1530
12615,28,BAQ,GANJ BASODA,2,19:53,19:55,2,1569
12615,29,BINA,BINA JN,2,20:50,20:55,5,1615
12615,30,VGLJ,VIRANGANA LAKSHMIBAI JHANSI JN,2,22:50,22:55,5,1766
12615,31,GWL,GWALIOR JN.,2,23:55,23:57,2,1865
12615,32,MRA,MORENA,3,00:26,00:28,2,1903
12615,33,DHO,DHAULPUR,3,01:13,01:15,2,1931
12615,34,AGC,AGRA CANTT JN,3,01:48,01:53,5,1983
12615,35,BFP,BILOCHPURA,3,02:05,02:07,2,1988
12615,36,MTJ,MATHURA JN.,3,02:35,02:40,5,2036
12615,37,FDB,FARIDABAD,3,04:16,04:18,2,2149
12615,38,NZM,HAZRAT NIZAMUDDIN JN,3,04:40,04:42,2,2170
12615,39,NDLS,NEW DELHI,3,05:10,,0,2177
12651,1,MDU,MADURAI JN,1,,01:05,0,0
12651,2,DG,DINDIGUL JN,1,01:55,02:00,5,68
12651,3,TPJ,TIRUCHCHIRAPPALLI JN.,1,03:05,03:10,5,160
12651,4,ALU,ARIYALUR,1,04:05,04:06,1,230
12651,5,VRI,VRIDDHACHALAM JN,1,04:38,04:40,2,283
12651,6,VM,VILLUPURAM JN,1,05:40,05:45,5,338
12651,7,CGL,CHENGALPATTU JN,1,07:08,07:10,2,441
12651,8,TBM,TAMBARAM,1,07:38,07:40,2,471
12651,9,MS,CHENNAI EGMORE,1,08:25,08:40,15,496
12651,10,BZA,VIJAYAWADA JN,1,15:30,15:40,10,930
12651,11,BPQ,BALHARSHAH,1,22:50,22:55,5,1382
12651,12,NGP,NAGPUR JN.,2,01:55,02:00,5,1591
12651,13,BPL,BHOPAL JN,2,08:15,08:25,10,1978
12651,14,VGLJ,VIRANGANA LAKSHMIBAI JHANSI JN,2,12:05,12:13,8,2267
12651,15,NZM,HAZRAT NIZAMUDDIN JN,2,18:35,,0,2671
12657,1,MAS,PURATCHI THALAIVAR DR. MGR CTL,1,,22:50,0,0
12657,2,AJJ,ARAKKONAM JN.,1,23:43,23:45,2,69
12657,3,KPD,KATPADI JN,2,00:33,00:35,2,130
12657,4,JTJ,JOLARPETTAI JN.,2,01:53,01:55,2,214
12657,5,BWT,BANGARAPET JN.,2,02:53,02:55,2,283
12657,6,BNCE,BANGALORE EAST,2,03:47,03:48,1,347
12657,7,BNC,BANGALORE CANT,2,03:56,03:57,1,349
12657,8,SBC,KSR BENGALURU,2,04:35,,0,354
12686,1,MAQ,MANGALORE CENTRAL,1,,16:55,0,0
12686,2,KGQ,KASARAGOD,1,17:33,17:35,2,43
12686,3,KZE,KANHANGAD,1,17:53,17:55,2,66
12686,4,NLE,NILESHWAR,1,18:04,18:05,1,75
12686,5,PAY,PAYYANUR,1,18:24,18:25,1,95
12686,6,CAN,KANNUR,1,18:57,19:00,3,129
12686,7,TLY,THALASSERY,1,19:18,19:20,2,150
12686,8,BDJ,VADAKARA,1,19:38,19:40,2,172
12686,9,CLT,KOZHIKKODE,1,20:27,20:30,3,218
12686,10,TIR,TIRUR,1,21:08,21:10,2,259
12686,11,SRR,SHORANUR JN,1,21:50,21:55,5,304
12686,12,PGT,PALAKKAD JN,1,22:37,22:40,3,348
12686,13,PTJ,PODANUR JN,1,23:54,23:55,1,399
12686,14,TUP,TIRUPPUR,2,00:38,00:40,2,443
12686,15,ED,ERODE JN,2,01:45,01:50,5,493
12686,16,SA,SALEM JN,2,02:42,02:45,3,552
12686,17,JTJ,JOLARPETTAI JN.,2,04:38,04:40,2,676
12686,18,KPD,KATPADI JN,2,05:43,05:45,2,759
12686,19,AVD,AVADI,2,07:03,07:05,2,868
12686,20,PER,PERAMBUR,2,07:23,07:25,2,883
12686,21,MAS,PURATCHI THALAIVAR DR. MGR CTL,2,08:05,,0,889
12689,1,MAS,PURATCHI THALAIVAR DR. MGR CTL,1,,19:00,0,0
12689,2,AJJ,ARAKKONAM JN.,1,19:58,20:00,2,69
12689,3,KPD,KATPADI JN,1,20:48,20:50,2,130
12689,4,JTJ,JOLARPETTAI JN.,1,22:08,22:10,2,214
12689,5,TPT,TIRUPATTUR JN,1,22:19,22:20,1,225
12689,6,MAP,MORAPPUR,1,22:54,22:55,1,272
12689,7,SA,SALEM JN,2,00:15,00:25,10,339
12689,8,NMKL,NAMAKKAL,2,01:04,01:05,1,390
12689,9,KRR,KARUR JN.,2,01:43,01:45,2,424
12689,10,TPJ,TIRUCHCHIRAPPALLI JN.,2,03:35,03:40,5,500
12689,11,DG,DINDIGUL JN,2,04:37,04:40,3,594
12689,12,KQN,KODAIKANAL ROAD,2,04:58,05:00,2,620
12689,13,MDU,MADURAI JN,2,05:40,05:45,5,660
12689,14,VPT,VIRUDUNAGAR JN,2,06:18,06:20,2,703
12689,15,SRT,SATUR,2,06:38,06:40,2,730
12689,16,CVP,KOVILPATTI,2,06:58,07:00,2,751
12689,17,TEN,TIRUNELVELI JN,2,08:15,08:20,5,816
12689,18,NCJ,NAGERCOIL JUNCTION,2,09:50,09:55,5,890
12689,19,CAPE,KANNIYAKUMARI,2,10:45,,0,905
12704,1,SC,SECUNDERABAD JN,1,,15:55,0,0
12704,2,NLDA,NALGONDA,1,17:26,17:27,1,102
12704,3,MRGA,MIRYALAGUDA,1,17:39,17:40,1,141
12704,4,PGRL,PIDUGURALLA,1,18:34,18:35,1,201
12704,5,GNT,GUNTUR JN,1,20:15,20:20,5,275
12704,6,BZA,VIJAYAWADA JN,1,21:30,21:35,5,310
12704,7,EE,ELURU,1,22:18,22:20,2,370
12704,8,TDD,TADEPALLIGUDEM,1,22:59,23:00,1,417
12704,9,RJY,RAJAMUNDRY,1,23:48,23:50,2,459
12704,10,SLO,SAMALKOT JN,2,00:38,00:40,2,510
12704,11,VSKP,VISAKHAPATNAM,2,03:20,03:40,20,660
12704,12,VZM,VIZIANAGRAM JN,2,04:30,04:35,5,721
12704,13,CHE,SRIKAKULAM ROAD,2,05:23,05:25,2,790
12704,14,PSA,PALASA,2,06:40,06:42,2,863
12704,15,IPM,ICHCHPURAM,2,07:11,07:13,2,913
12704,16,BAM,BRAHMAPUR,2,07:25,07:30,5,937
12704,17,KIT,KHALLIKOT,2,08:15,08:17,2,996
12704,18,BALU,BALUGAN,2,08:23,08:25,2,1013
12704,19,KUR,KHURDA ROAD JN,2,09:20,09:40,20,1084
12704,20,BBS,BHUBANESWAR,2,10:10,10:15,5,1103
12704,21,CTC,CUTTACK,2,10:40,10:45,5,1130
12704,22,JJKR,JAJPUR K ROAD,2,11:34,11:36,2,1202
12704,23,BHC,BHADRAKH,2,13:10,13:12,2,1246
12704,24,BLS,BALASORE,2,13:48,13:50,2,1305
12704,25,KGP,KHARAGPUR JN,2,15:30,15:35,5,1425
12704,26,SRC,SANTRAGACHI JN,2,16:50,16:52,2,1534
12704,27,HWH,HOWRAH JN,2,18:10,,0,1541
12708,1,NZM,HAZRAT NIZAMUDDIN JN,1,,05:20,0,0
12708,2,GWL,GWALIOR JN.,1,09:56,09:58,2,305
12708,3,VGLJ,VIRANGANA LAKSHMIBAI JHANSI JN,1,11:25,11:33,8,404
12708,4,BPL,BHOPAL JN.,1,15:30,15:40,10,693
12708,5,NGP,NAGPUR JN.,1,22:20,22:25,5,1080
12708,6,BPQ,BALHARSHAH,2,01:45,01:50,5,1289
12708,7,SKZR,SIRPUR KAGHAZNAGAR,2,02:44,02:45,1,1358
12708,8,BPA,BELAMPALLI,2,03:09,03:10,1,1397
12708,9,MCI,MANCHERAL,2,03:29,03:30,1,1417
12708,10,RDM,RAMGUNDAM,2,03:39,03:40,1,1431
12708,11,KZJ,KAZIPET JN,2,05:43,05:45,2,1529
12708,12,KCG,KACHEGUDA,2,08:45,08:55,10,1665
12708,13,MBNR,MAHBUBNAGAR,2,10:38,10:40,2,1771
12708,14,GWD,GADWAL,2,11:54,11:55,1,1846
12708,15,KRNT,KURNOOL CITY,2,13:08,13:10,2,1898
12708,16,DHNE,DHONE JN,2,14:25,14:30,5,1952
12708,17,TU,TADIPATRI,2,16:13,16:15,2,2053
12708,18,YA,YERRAGUNTLA,2,17:13,17:15,2,2121
12708,19,HX,CUDDAPAH,2,17:53,17:55,2,2161
12708,20,RJP,RAZAMPETA,2,18:43,18:45,2,2212
12708,21,RU,RENIGUNTA JN,2,19:58,20:00,2,2286
12708,22,TPTY,TIRUPATI,2,21:00,,0,2296
12726,1,DWR,DHARWAR,1,,05:35,0,0
12726,2,UBL,SSS HUBBALLI JN,1,05:55,06:05,10,20
12726,3,YLG,YALVIGI,1,06:39,06:40,1,67
12726,4,HVR,HAVERI,1,07:06,07:08,2,95
12726,5,BYD,BYADGI,1,07:21,07:22,1,109
12726,6,RNR,RANIBENNUR,1,07:39,07:40,1,128
12726,7,HRR,HARIHAR,1,07:58,08:00,2,151
12726,8,DVG,DAVANGERE,1,08:18,08:20,2,164
12726,9,JRU,CHIKJAJUR JN,1,08:55,09:00,5,210
12726,10,HSD,HOSDURGA ROAD,1,09:24,09:25,1,240
12726,11,AJP,AJJAMPUR,1,09:42,09:43,1,260
12726,12,RRB,BIRUR JN,1,09:58,10:00,2,279
12726,13,DRU,KADUR,1,10:10,10:11,1,285
12726,14,ASK,ARSIKERE JN,1,10:48,10:50,2,323
12726,15,TTR,TIPTUR,1,11:10,11:12,2,349
12726,16,TK,TUMKUR,1,11:53,11:55,2,419
12726,17,YPR,YESVANTPUR JN.,1,13:08,13:10,2,485
12726,18,SBC,KSR BENGALURU,1,14:15,,0,490
12746,1,MUGR,MANUGURU,1,,21:45,0,0
12746,2,BDCR,BHADRACHALAM RD,1,22:20,22:35,15,49
12746,3,KRA,KAREPALLI,1,23:19,23:20,1,94
12746,4,DKJ,DORNAKAL JN,1,23:38,23:40,2,110
12746,5,GLA,GARLA,1,23:49,23:50,1,114
12746,6,MABD,MAHBUBABAD,2,00:02,00:03,1,134
12746,7,WL,WARANGAL,2,00:53,00:55,2,195
12746,8,KZJ,KAZIPET JN,2,01:14,01:15,1,207
12746,9,ZN,JANGAON,2,01:54,01:55,1,255
12746,10,CHZ,CHARLAPALLI,2,02:54,02:55,1,326
12746,11,SC,SECUNDERABAD JN,2,03:52,,0,337
12750,1,BIDR,BIDAR,1,,19:35,0,0
12750,2,ZB,ZAHIRABAD,1,19:59,20:00,1,31
12750,3,VKB,VIKARABAD JN,1,20:44,20:45,1,91
12750,4,LPI,LINGAMPALLI,1,21:29,21:30,1,140
12750,5,SC,SECUNDERABAD JN,1,22:10,22:15,5,163
12750,6,ZN,JANGAON,1,23:19,23:20,1,246
12750,7,KZJ,KAZIPET JN,2,00:15,00:20,5,294
12750,8,WL,WARANGAL,2,00:38,00:40,2,306
12750,9,MABD,MAHBUBABAD,2,01:29,01:30,1,366
12750,10,KMT,KHAMMAM,2,02:09,02:10,1,411
12750,11,MDR,MADHIRA,2,02:54,02:55,1,455
12750,12,KI,KONDAPALLI,2,03:34,03:35,1,495
12750,13,BZA,VIJAYAWADA JN,2,04:05,04:20,15,512
12750,14,GDV,GUDIVADA JN,2,05:04,05:05,1,555
12750,15,GVL,GUDLAVALLERU,2,05:19,05:20,1,566
12750,16,PAV,PEDANA,2,05:34,05:35,1,581
12750,17,MTM,MACHILIPATNAM,2,06:20,,0,592
12788,1,NSL,NAGARSOL,1,,12:50,0,0
12788,2,CPSN,CHHATRAPATI SAMBHAJINAGAR,1,14:00,14:05,5,89
12788,3,J,JALNA,1,15:03,15:05,2,151
12788,4,PBN,PARBHANI JN,1,16:43,16:45,2,266
12788,5,PAU,PURNA JN,1,17:20,17:25,5,295
12788,6,NED,NANDED,1,18:05,18:10,5,325
12788,7,MUE,MUDKHED,1,18:38,18:40,2,347
12788,8,BSX,BASAR,1,19:29,19:30,1,406
12788,9,NZB,NIZAMABAD JN.,1,19:58,20:00,2,436
12788,10,KMC,KAMAREDDI,1,20:48,20:50,2,487
12788,11,CHZ,CHARLAPALLI,1,23:30,23:40,10,601
12788,12,KZJ,KAZIPET JN,2,01:48,01:50,2,720
12788,13,WL,WARANGAL,2,02:18,02:20,2,732
12788,14,MABD,MAHBUBABAD,2,03:09,03:10,1,792
12788,15,KMT,KHAMMAM,2,03:39,03:40,1,837
12788,16,BZA,VIJAYAWADA JN,2,05:25,05:40,15,938
12788,17,GDV,GUDIVADA JN,2,06:24,06:25,1,981
12788,18,KKLR,KAIKOLUR,2,06:49,06:50,1,1010
12788,19,AKVD,AKIVIDU,2,07:04,07:05,1,1027
12788,20,BVRT,BHIMAVARAM TOWN,2,07:24,07:25,1,1045
12788,21,PKO,PALAKOLLU,2,07:54,07:55,1,1067
12788,22,NS,NARASAPUR,2,08:35,,0,1076
12842,1,MAS,PURATCHI THALAIVAR DR. MGR CTL,1,,07:00,0,0
12842,2,OGL,ONGOLE,1,10:58,11:00,2,290
12842,3,BZA,VIJAYAWADA JN,1,13:05,13:15,10,428
12842,4,EE,ELURU,1,14:09,14:10,1,488
12842,5,TDD,TADEPALLIGUDEM,1,14:49,14:50,1,535
12842,6,RJY,RAJAMUNDRY,1,15:38,15:40,2,577
12842,7,VSKP,VISAKHAPATNAM,1,19:25,19:45,20,778
12842,8,BAM,BRAHMAPUR,1,23:48,23:50,2,1055
12842,9,KUR,KHURDA ROAD JN,2,01:20,01:30,10,1202
12842,10,BBS,BHUBANESWAR,2,01:55,02:00,5,1221
12842,11,CTC,CUTTACK,2,02:30,02:35,5,1248
12842,12,JJKR,JAJPUR K ROAD,2,03:23,03:25,2,1320
12842,13,BHC,BHADRAKH,2,05:10,05:12,2,1364
12842,14,BLS,BALASORE,2,05:48,05:53,5,1423
12842,15,KGP,KHARAGPUR JN,2,07:35,07:40,5,1543
12842,16,SRC,SANTRAGACHI JN,2,09:48,09:50,2,1652
12842,17,HWH,HOWRAH JN,2,11:00,,0,1659
12901,1,DDR,DADAR,1,,21:40,0,0
12901,2,BVI,BORIVALI,1,21:59,22:04,5,24
12901,3,PLG,PALGHAR,1,22:43,22:45,2,81
12901,4,BL,VALSAD,2,00:05,00:10,5,188
12901,5,NVS,NAVSARI,2,00:33,00:35,2,227
12901,6,ST,SURAT,2,01:14,01:19,5,257
12901,7,BH,BHARUCH JN,2,02:17,02:19,2,316
12901,8,BRC,VADODARA JN,2,03:14,03:19,5,386
12901,9,ANND,ANAND JN,2,03:54,03:56,2,422
12901,10,ND,NADIAD JN,2,04:08,04:10,2,440
12901,11,MHD,MAHEMADAVAD KHEDA ROAD,2,04:30,04:32,2,458
12901,12,MAN,MANINAGAR,2,05:07,05:09,2,483
12901,13,ADI,AHMEDABAD JN,2,05:40,,0,486
12951,1,MMCT,MUMBAI CENTRAL,1,,17:00,0,0
12951,2,BVI,BORIVALI,1,17:20,17:22,2,30
12951,3,ST,SURAT,1,19:43,19:48,5,262
12951,4,BRC,VADODARA JN,1,21:06,21:16,10,392
12951,5,RTM,RATLAM JN,2,00:25,00:28,3,649
12951,6,NAD,NAGDA JN,2,01:08,01:10,2,691
12951,7,KOTA,KOTA JN,2,03:15,03:20,5,916
12951,8,NDLS,NEW DELHI,2,08:32,,0,1380
12952,1,NDLS,NEW DELHI,1,,16:55,0,0
12952,2,KOTA,KOTA JN,1,21:30,21:40,10,465
12952,3,NAD,NAGDA JN,1,23:57,23:59,2,690
12952,4,RTM,RATLAM JN,2,00:30,00:33,3,731
12952,5,BRC,VADODARA JN,2,03:40,03:50,10,989
12952,6,ST,SURAT,2,05:13,05:18,5,1118
12952,7,BVI,BORIVALI,2,07:38,07:40,2,1351
12952,8,MMCT,MUMBAI CENTRAL,2,08:35,,0,1380
12953,1,MMCT,MUMBAI CENTRAL,1,,17:10,0,0
12953,2,BVI,BORIVALI,1,17:38,17:40,2,30
12953,3,VAPI,VAPI,1,18:53,18:55,2,168
12953,4,BL,VALSAD,1,19:13,19:15,2,194
12953,5,ST,SURAT,1,20:10,20:15,5,262
12953,6,BH,BHARUCH JN,1,20:53,20:55,2,321
12953,7,BRC,VADODARA JN,1,21:44,21:54,10,392
12953,8,DHD,DAHOD,1,23:38,23:40,2,536
12953,9,RTM,RATLAM JN,2,01:13,01:15,2,649
12953,10,KOTA,KOTA JN,2,04:05,04:15,10,916
12953,11,SWM,SAWAI MADHOPUR JN,2,05:23,05:25,2,1023
12953,12,MTJ,MATHURA JN.,2,07:53,07:55,2,1240
12953,13,NZM,HAZRAT NIZAMUDDIN JN,2,09:43,,0,1373
12954,1,NZM,HAZRAT NIZAMUDDIN JN,1,,17:15,0,0
12954,2,MTJ,MATHURA JN.,1,18:43,18:45,2,133
12954,3,SWM,SAWAI MADHOPUR JN,1,20:48,20:50,2,350
12954,4,KOTA,KOTA JN,1,22:00,22:10,10,457
12954,5,RTM,RATLAM JN,2,01:05,01:07,2,724
12954,6,DHD,DAHOD,2,02:31,02:33,2,837
12954,7,BRC,VADODARA JN,2,04:29,04:39,10,981
12954,8,BH,BHARUCH JN,2,05:26,05:28,2,1052
12954,9,ST,SURAT,2,06:13,06:18,5,1111
12954,10,BL,VALSAD,2,07:03,07:05,2,1179
12954,11,VAPI,VAPI,2,07:23,07:25,2,1205
12954,12,BVI,BORIVALI,2,09:08,09:10,2,1343
12954,13,MMCT,MUMBAI CENTRAL,2,10:05,,0,1373
12957,1,SBIB,SABARMATI BG,1,,19:20,0,0
12957,2,MSH,MAHESANA JN,1,20:03,20:05,2,62
12957,3,PNU,PALANPUR JN,1,21:05,21:07,2,127
12957,4,ABR,ABU ROAD,1,21:38,21:45,7,180
12957,5,FA,FALNA,1,22:50,22:52,2,279
12957,6,AII,AJMER JN,2,01:05,01:10,5,485
12957,7,JP,JAIPUR JN.,2,02:40,02:50,10,619
12957,8,GGN,GURGAON,2,06:24,06:26,2,895
12957,9,DEC,DELHI CANTT,2,06:40,06:42,2,912
12957,10,NDLS,NEW DELHI,2,07:30,,0,927
12966,1,BHUJ,BHUJ,1,,18:00,0,0
12966,2,GIMB,GANDHIDHAM BG,1,18:55,19:10,15,58
12966,3,BCOB,BHACHAU BG,1,19:49,19:51,2,95
12966,4,SIOB,SAMAKHIALI B G,1,20:10,20:12,2,111
12966,5,AAR,ADESAR,1,20:55,20:57,2,170
12966,6,RDHP,RADHANPUR,1,21:52,21:54,2,245
12966,7,BAH,BHABHAR,1,22:12,22:14,2,270
12966,8,DEOR,DIYODAR,1,22:24,22:26,2,287
12966,9,BLDI,BHILDI JN,1,22:53,22:55,2,313
12966,10,DISA,DISA,1,23:08,23:10,2,331
12966,11,PNU,PALANPUR JN,2,00:10,00:25,15,359
12966,12,MSH,MAHESANA JN,2,01:24,01:26,2,424
12966,13,ADI,AHMEDABAD JN,2,03:05,03:15,10,492
12966,14,ND,NADIAD JN,2,04:16,04:18,2,538
12966,15,ANND,ANAND JN,2,04:33,04:35,2,556
12966,16,BRC,VADODARA JN,2,05:10,05:15,5,592
12966,17,ST,SURAT,2,07:10,07:15,5,721
12966,18,BVI,BORIVALI,2,10:27,10:30,3,954
12966,19,BDTS,BANDRA TERMINUS,2,11:20,,0,973
12981,1,KWP,KHATIPURA,1,,20:05,0,0
12981,2,GADJ,GANDHINAGAR JAIPUR,1,20:18,20:21,3,11
12981,3,JP,JAIPUR JN.,1,20:35,20:45,10,17
12981,4,FL,PHULERA,1,21:28,21:30,2,71
12981,5,KSG,KISHANGARH,1,22:10,22:12,2,126
12981,6,AII,AJMER JN,1,22:45,22:50,5,151
12981,7,NSD,NASIRABAD,1,23:15,23:17,2,175
12981,8,BJNR,BIJAINAGAR,1,23:43,23:45,2,216
12981,9,BHL,BHILWARA,2,00:30,00:35,5,283
12981,10,CNA,CHANDERIA,2,01:17,01:20,3,329
12981,11,MVJ,MAVLI JN,2,02:33,02:35,2,403
12981,12,RPZ,RANA PRATAP NAGAR,2,03:09,03:11,2,441
12981,13,UDZ,UDAIPUR CITY,2,03:35,03:45,10,446
12981,14,ZW,ZAWAR,2,04:20,04:22,2,489
12981,15,SES,SEMARI,2,04:48,04:50,2,533
12981,16,DNRP,DUNGARPUR,2,05:33,05:35,2,564
12981,17,SJS,SHAMLAJI ROAD,2,06:15,06:17,2,617
12981,18,HMT,HIMMATNAGAR,2,07:00,07:02,2,658
12981,19,NHM,NANDOL DEHEGAM,2,07:54,07:56,2,717
12981,20,SDGM,SARDARGRAM,2,08:13,08:14,1,739
12981,21,ASV,ASARVA JN,2,08:40,,0,743
12982,1,ASV,ASARVA JN,1,,19:55,0,0
12982,2,SDGM,SARDARGRAM,1,20:01,20:02,1,4
12982,3,NHM,NANDOL DEHEGAM,1,20:15,20:17,2,26
12982,4,HMT,HIMMATNAGAR,1,21:18,21:20,2,85
12982,5,SJS,SHAMLAJI ROAD,1,21:50,21:52,2,126
12982,6,DNRP,DUNGARPUR,1,22:32,22:34,2,179
12982,7,SES,SEMARI,1,23:02,23:04,2,211
12982,8,ZW,ZAWAR,1,23:38,23:40,2,254
12982,9,UDZ,UDAIPUR CITY,2,00:15,00:25,10,298
12982,10,RPZ,RANA PRATAP NAGAR,2,00:33,00:35,2,302
12982,11,MVJ,MAVLI JN,2,01:07,01:09,2,340
12982,12,CNA,CHANDERIA,2,02:10,02:15,5,414
12982,13,BHL,BHILWARA,2,02:50,02:55,5,460
12982,14,BJNR,BIJAINAGAR,2,03:53,03:55,2,527
12982,15,NSD,NASIRABAD,2,04:15,04:17,2,569
12982,16,AII,AJMER JN,2,05:05,05:15,10,592
12982,17,KSG,KISHANGARH,2,05:43,05:45,2,617
12982,18,FL,PHULERA,2,06:26,06:28,2,672
12982,19,JP,JAIPUR JN.,2,07:30,07:40,10,726
12982,20,GADJ,GANDHINAGAR JAIPUR,2,07:51,07:54,3,732
12982,21,KWP,KHATIPURA,2,08:25,,0,743
12995,1,BDTS,BANDRA TERMINUS,1,,17:05,0,0
12995,2,BVI,BORIVALI,1,17:39,17:42,3,19
12995,3,PLG,PALGHAR,1,18:23,18:25,2,76
12995,4,VAPI,VAPI,1,19:33,19:35,2,157
12995,5,BL,VALSAD,1,19:58,20:00,2,183
12995,6,ST,SURAT,1,21:05,21:10,5,252
12995,7,BH,BHARUCH JN,1,21:48,21:50,2,311
12995,8,BRC,VADODARA JN,1,22:42,22:52,10,381
12995,9,GDA,GODHRA JN,1,23:57,23:59,2,453
12995,10,DHD,DAHOD,2,00:47,00:49,2,525
12995,11,RTM,RATLAM JN,2,02:30,02:40,10,638
12995,12,MDS,MANDASOR,2,04:02,04:07,5,722
12995,13,NMH,NIMACH,2,05:16,05:18,2,771
12995,14,NBH,NIMBAHERA,2,05:48,05:49,1,798
12995,15,COR,CHITTAURGARH JN,2,06:30,06:40,10,827
12995,16,BHL,BHILWARA,2,07:35,07:40,5,881
12995,17,BJNR,BIJAINAGAR,2,08:28,08:30,2,948
12995,18,NSD,NASIRABAD,2,09:13,09:15,2,990
12995,19,AII,AJMER JN,2,10:05,,0,1013
12997,1,BDTS,BANDRA TERMINUS,1,,23:55,0,0
12997,2,BVI,BORIVALI,2,00:20,00:25,5,19
12997,3,VAPI,VAPI,2,02:10,02:12,2,157
12997,4,BL,VALSAD,2,02:43,02:45,2,183
12997,5,ST,SURAT,2,03:53,03:58,5,252
12997,6,AKV,ANKLESHWAR JN,2,04:27,04:29,2,301
12997,7,BRC,VADODARA JN,2,05:45,05:50,5,381
12997,8,ANND,ANAND JN,2,06:22,06:24,2,417
12997,9,ND,NADIAD JN,2,06:38,06:40,2,435
12997,10,ADI,AHMEDABAD JN,2,07:45,07:55,10,481
12997,11,MSH,MAHESANA JN,2,09:12,09:14,2,549
12997,12,PTN,PATAN,2,09:49,09:51,2,589
12997,13,BLDI,BHILDI JN,2,11:05,11:10,5,640
12997,14,RNV,RANIWARA,2,12:09,12:12,3,710
12997,15,MBNL,MARWAR BHINMAL,2,12:39,12:42,3,742
12997,16,MON,MODRAN,2,13:04,13:06,2,770
12997,17,JOR,JALOR,2,13:33,13:36,3,805
12997,18,MKSR,MOKALSAR,2,14:01,14:04,3,838
12997,19,SMR,SAMDHARI JN,2,14:40,14:55,15,864
12997,20,BLT,BALOTRA JN.,2,15:43,15:48,5,897
12997,21,BUT,BAYTU,2,16:28,16:30,2,947
12997,22,BME,BARMER,2,17:40,,0,993
13121,1,KOAA,KOLKATTA TERMINAL,1,,20:05,0,0
13121,2,DGR,DURGAPUR,1,22:06,22:08,2,164
13121,3,ASN,ASANSOL JN.,1,22:36,22:41,5,206
13121,4,MDP,MADHUPUR JN.,1,23:47,23:49,2,287
13121,5,JSME,JASIDIH JN.,2,00:18,00:20,2,316
13121,6,JAJ,JHAJHA,2,01:35,01:40,5,360
13121,7,KIUL,KIUL JN,2,02:30,02:32,2,414
13121,8,HTZ,HATHIDAH JN,2,02:58,03:00,2,441
13121,9,BKP,BAKHTIYARPUR JN,2,03:41,03:43,2,492
13121,10,PNBE,PATNA JN,2,04:53,05:00,7,537
13121,11,PPTA,PATLIPUTRA,2,05:30,05:35,5,550
13121,12,DGA,DIGHWARA,2,06:40,06:42,2,583
13121,13,CPR,CHHAPRA,2,07:25,07:35,10,613
13121,14,BUI,BALLIA,2,08:45,08:50,5,678
13121,15,GCT,GHAZIPUR CITY,2,10:15,,0,744
13150,1,APDJ,ALIPUR DUAR JN,1,,15:40,0,0
13150,2,HOJ,HAMITONGANJ,1,16:00,16:02,2,26
13150,3,HSA,HASIMARA,1,16:13,16:15,2,35
13150,4,MDT,MADARIHAT,1,16:30,16:32,2,45
13150,5,DLO,DALGAON,1,16:50,16:52,2,60
13150,6,BNQ,BANARHAT,1,17:10,17:12,2,74
13150,7,NMZ,NEW MAL JN,1,17:58,18:00,2,113
13150,8,SGUJ,SILIGURI JN,1,19:50,20:10,20,161
13150,9,BORA,BAGHDOGRA,1,20:25,20:27,2,171
13150,10,NAK,NAKSALBARI,1,20:43,20:45,2,184
13150,11,GAGA,GALGALIA,1,21:04,21:05,1,205
13150,12,TKG,THAKURGANJ,1,21:17,21:19,2,217
13150,13,AUB,ALUABARI ROAD,1,21:38,21:40,2,237
13150,14,KNE,KISHANGANJ,1,22:03,22:05,2,268
13150,15,DLK,DALKOLHA,1,22:30,22:32,2,296
13150,16,BOE,BARSOI JN,1,22:58,23:00,2,325
13150,17,KDPR,KUMEDPUR,1,23:28,23:30,2,352
13150,18,HCR,HARISCHANDRPUR,1,23:40,23:42,2,358
13150,19,BKRD,BHALUKA ROAD F,1,23:55,23:57,2,368
13150,20,MLDT,MALDA TOWN,2,01:00,01:10,10,413
13150,21,NFK,NEW FARAKKA JN,2,01:42,01:47,5,448
13150,22,PKR,PAKUR,2,02:25,02:27,2,481
13150,23,RPH,RAMPUR HAT,2,03:14,03:19,5,536
13150,24,SNT,SAINTHIA,2,03:41,03:43,2,563
13150,25,AMP,AHAMADPUR JN.,2,03:56,03:58,2,577
13150,26,BHP,BOLPUR S NIKTN,2,04:15,04:20,5,596
13150,27,BWN,BARDHAMAN,2,05:26,05:28,2,647
13150,28,KQU,KAMARKUNDU,2,06:11,06:12,1,709
13150,29,DAKE,DAKHINESWAR,2,07:08,07:10,2,738
13150,30,SDAH,SEALDAH,2,08:20,,0,755
13177,1,SDAH,SEALDAH,1,,05:35,0,0
13177,2,DDJ,DUM DUM,1,05:42,05:43,1,10
13177,3,BP,BARRACKPORE,1,05:57,05:58,1,25
13177,4,NH,NAIHATI JN,1,06:21,06:23,2,41
13177,5,BDC,BANDEL,1,06:53,06:55,2,50
13177,6,BSAE,BANSH BARIA,1,06:57,06:58,1,55
13177,7,TBAE,TRIBENI,1,07:01,07:02,1,58
13177,8,KJU,KUNTIGHAT,1,07:05,07:06,1,62
13177,9,DMLE,DUMURDAHA,1,07:09,07:10,1,65
13177,10,KMAE,KHAMARGACHHI,1,07:13,07:14,1,67
13177,11,JIT,JIRAT,1,07:18,07:19,1,72
13177,12,BGAE,BALAGARH,1,07:21,07:22,1,76
13177,13,SOAE,SOMRA BAZAR,1,07:24,07:25,1,78
13177,14,BHLA,BEHULA,1,07:29,07:30,1,83
13177,15,GPAE,GUPTIPARA,1,07:32,07:33,1,85
13177,16,ABKA,AMBIKA KALNA,1,07:38,07:39,1,92
13177,17,BGRA,BAGHNAPARA,1,07:42,07:43,1,96
13177,18,DTAE,DHATRIGRAM,1,07:47,07:48,1,101
13177,19,SMAE,SAMUDRA GARH,1,07:54,07:55,1,108
13177,20,KLNT,KALINAGAR,1,07:58,07:59,1,111
13177,21,NDAE,NABADWIP DHAM,1,08:03,08:04,1,116
13177,22,BFZ,BHANDARTIKURI,1,08:09,08:10,1,121
13177,23,PSAE,PURBASTHALI,1,08:13,08:14,1,123
13177,24,LKX,LAKSHMIPUR,1,08:20,08:21,1,129
13177,25,BQY,BELERHAT,1,08:23,08:24,1,132
13177,26,PTAE,PATULI,1,08:29,08:30,1,137
13177,27,AGAE,AGRADWIP,1,08:34,08:35,1,142
13177,28,DHAE,DAINHAT,1,08:40,08:41,1,148
13177,29,KWAE,KATWA,1,08:55,09:00,5,155
13177,30,SHBL,SHIBLUN,1,09:08,09:09,1,162
13177,31,GGLE,GANGATIKURI,1,09:12,09:13,1,165
13177,32,JHBN,JMTPUR BAHARAN,1,09:16,09:17,1,168
13177,33,SALE,SALAR,1,09:21,09:22,1,172
13177,34,MHTR,MALIHATI TBR RD,1,09:25,09:26,1,174
13177,35,TYAE,TENYA,1,09:29,09:30,1,179
13177,36,MIAN,MIANGRAM,1,09:33,09:34,1,183
13177,37,BZLE,BAZARSAU,1,09:37,09:38,1,186
13177,38,KZPE,KAZIPARA HALT,1,09:41,09:42,1,189
13177,39,CWLE,CHOWRIGACHA,1,09:46,09:47,1,193
13177,40,KTLR,KANTHALIYA ROAD,1,09:51,09:52,1,198
13177,41,KNSN,KARNA SUBARNA,1,09:56,09:57,1,202
13177,42,JVT,JIBANTI,1,10:01,10:02,1,207
13177,43,KGLE,KHAGRAGHAT ROAD,1,10:06,10:07,1,213
13177,44,NLSF,NIYALISH PARA,1,10:09,10:10,1,215
13177,45,LCAE,LALBAGH CRT RD,1,10:14,10:15,1,221
13177,46,AZ,AZIMGANJ JN,1,10:26,10:36,10,228
13177,47,ACLE,AZIMGANJ CITY,1,10:40,10:41,1,229
13177,48,MPLR,MAHIPAL ROAD,1,10:57,10:58,1,238
13177,49,NWMS,NOAPARA MAHISHASUR H,1,11:04,11:05,1,244
13177,50,MGLE,MANIGRAM,1,11:10,11:11,1,248
13177,51,GALE,GANKAR,1,11:18,11:19,1,257
13177,52,JRLE,JANGIPUR ROAD,1,11:55,,0,263
13307,1,DHN,DHANBAD JN,1,,21:50,0,0
13307,2,TET,TETULMARI,1,22:00,22:02,2,9
13307,3,GMO,NSC BOSE J GOMO,1,22:20,22:25,5,30
13307,4,PNME,PARASNATH,1,22:37,22:39,2,48
13307,5,HZD,HAZARIBAGH RD,1,23:01,23:03,2,75
13307,6,KQR,KODERMA,1,23:30,23:32,2,123
13307,7,GAYA,GAYA JN,2,00:55,01:00,5,199
13307,8,AUBR,ANUGRAHA N ROAD,2,01:42,01:44,2,268
13307,9,DOS,DEHRI ON SONE,2,02:00,02:02,2,284
13307,10,SSM,SASARAM,2,02:18,02:20,2,302
13307,11,KTQ,KUDRA,2,02:35,02:37,2,327
13307,12,BBU,BHABUA ROAD,2,02:52,02:54,2,350
13307,13,DDU,PT.DEEN DAYAL UPADHYAYA JN.,2,04:20,04:25,5,403
13307,14,KEI,KASHI,2,05:01,05:03,2,416
13307,15,BSB,VARANASI,2,05:20,05:30,10,421
13307,16,BTP,BABATPUR,2,05:51,05:52,1,440
13307,17,KSF,KHALISPUR,2,06:01,06:02,1,449
13307,18,JLL,JALALGANJ,2,06:13,06:14,1,461
13307,19,ZBD,ZAFARABAD JN,2,06:29,06:30,1,473
13307,20,JNU,JAUNPUR JN,2,06:43,06:45,2,479
13307,21,MIH,MIHRAWAN,2,07:03,07:04,1,491
13307,22,KS,KHETA SARAI,2,07:14,07:15,1,502
13307,23,SHG,SHAHGANJ JN,2,07:35,07:40,5,512
13307,24,BWI,BILWAI,2,07:55,07:56,1,523
13307,25,MLPR,MALIPUR,2,08:08,08:09,1,537
13307,26,ABP,AKBARPUR,2,08:29,08:30,1,556
13307,27,GGJ,GOSHAINGANJ,2,08:53,08:54,1,578
13307,28,BLG,BILHAR GHAT,2,09:08,09:09,1,595
13307,29,AY,AYODHYA DHAM JN,2,09:25,09:30,5,610
13307,30,AYC,AYODHYA CANTT,2,09:50,09:55,5,617
13307,31,SLW,SOHWAL,2,10:12,10:13,1,632
13307,32,RDL,RUDAULI,2,10:39,10:40,1,655
13307,33,PTH,PATRANGA,2,10:59,11:00,1,670
13307,34,DYD,DARYABAD,2,11:08,11:09,1,678
13307,35,BBK,BARABANKI JN,2,13:14,13:16,2,716
13307,36,LKO,LUCKNOW JN.,2,14:45,14:55,10,745
13307,37,BLM,BALAMU JN,2,17:00,17:02,2,813
13307,38,HRI,HARDOI,2,17:28,17:30,2,847
13307,39,AJI,ANJHI SHAHABAD,2,17:56,17:58,2,879
13307,40,SPN,SHAHJAHANPUR JN.,2,18:35,18:40,5,909
13307,41,TLH,TILHAR,2,18:55,18:57,2,927
13307,42,PMR,PITAMBARPUR,2,19:20,19:22,2,960
13307,43,BE,BAREILLY(NR),2,19:50,19:52,2,980
13307,44,MIL,MILAK,2,20:30,20:32,2,1020
13307,45,RMU,RAMPUR,2,20:58,21:00,2,1043
13307,46,MB,MORADABAD,2,21:30,21:40,10,1070
13307,47,KNT,KANTH,2,22:16,22:18,2,1099
13307,48,SEO,SEOHARA,2,22:34,22:36,2,1116
13307,49,DPR,DHAMPUR,2,22:47,22:49,2,1130
13307,50,NGG,NAGINA,2,23:07,23:09,2,1146
13307,51,NBD,NAJIBABAD JN,2,23:53,23:58,5,1169
13307,52,LRJ,LAKSAR JN,3,00:40,00:45,5,1210
13307,53,RK,ROORKEE,3,01:15,01:20,5,1228
13307,54,SRE,SAHARANPUR JN.,3,02:47,03:00,13,1263
13307,55,YJUD,YAMUNANAGAR JAGADHRI,3,03:26,03:28,2,1293
13307,56,RAA,BARARA,3,03:47,03:49,2,1319
13307,57,UMB,AMBALA CANT JN,3,04:25,04:30,5,1344
13307,58,UBC,AMBALA CITY,3,04:39,04:41,2,1352
13307,59,RPJ,RAJPURA JN,3,04:54,04:56,2,1372
13307,60,SIR,SIRHIND JN,3,05:15,05:17,2,1397
13307,61,GVG,GOVINDGARH,3,05:24,05:26,2,1407
13307,62,KNN,KHANNA,3,05:33,05:35,2,1415
13307,63,LDH,LUDHIANA JN,3,06:26,06:36,10,1458
13307,64,PHR,PHILLAUR JN,3,06:50,06:52,2,1471
13307,65,BZG,BILGA,3,07:12,07:14,2,1485
13307,66,NRM,NURMAHAL,3,07:22,07:24,2,1491
13307,67,NRO,NAKODAR JN,3,07:38,07:40,2,1503
13307,68,MQS,MALSIAN SHAHKHT,3,07:53,07:55,2,1515
13307,69,LNK,LOHIAN KHAS JN,3,08:39,08:42,3,1535
13307,70,MXH,MAKHU,3,09:03,09:05,2,1559
13307,71,FZR,FIROZPUR CANT,3,10:00,,0,1601
13343,1,BSB,VARANASI,1,,14:00,0,0
13343,2,CAR,CHUNAR,1,15:30,15:40,10,44
13343,3,SKGH,SAKTESGARH,1,16:14,16:15,1,65
13343,4,LUSA,LUSA,1,16:44,16:45,1,85
13343,5,SBDR,SONBHADRA,1,17:30,17:35,5,119
13343,6,CUK,CHURK,1,17:50,17:51,1,124
13343,7,CPU,CHOPAN,1,19:10,19:20,10,146
13343,8,OBR,OBRA DAM,1,19:34,19:36,2,158
13343,9,KRLR,KARAILA ROAD JN,1,20:36,20:38,2,195
13343,10,ANPR,ANPARA,1,20:54,20:56,2,206
13343,11,KRSL,KRISHNASHILLA,1,21:14,21:16,2,217
13343,12,SKTN,SHAKTINAGAR,1,22:10,,0,227
13348,1,PNBE,PATNA JN,1,,20:20,0,0
13348,2,PPN,PUNPUN,1,20:36,20:38,2,13
13348,3,TEA,TAREGNA,1,20:51,20:53,2,30
13348,4,JHD,JEHANABAD,1,21:06,21:08,2,45
13348,5,MDE,MAKHDUMPUR GAYA,1,21:22,21:24,2,61
13348,6,BELA,BELA,1,21:33,21:35,2,72
13348,7,GAYA,GAYA JN,1,22:38,22:43,5,92
13348,8,GRRU,GURARU,1,23:02,23:04,2,113
13348,9,RFJ,RAFIGANJ,1,23:16,23:18,2,129
13348,10,JHN,JAKHIM,1,23:26,23:28,2,140
13348,11,PES,PHESAR,1,23:34,23:36,2,151
13348,12,AUBR,ANUGRAHA N ROAD,1,23:46,23:48,2,160
13348,13,DOS,DEHRI ON SONE,2,00:55,01:15,20,177
13348,14,ANH,ANKORAH AKORHA,2,01:33,01:35,2,199
13348,15,NBG,NABINAGAR ROAD,2,01:47,01:49,2,213
13348,16,JPL,JAPLA,2,02:01,02:03,2,228
13348,17,HDN,HAIDARNAGAR,2,02:11,02:13,2,235
13348,18,MDJ,MUHAMMADGANJ,2,02:24,02:26,2,247
13348,19,URD,UNTARE ROAD,2,02:37,02:39,2,259
13348,20,GHD,GARWA ROAD JN,2,03:30,03:35,5,275
13348,21,LBT,LALGARH BIHAR HALT,2,03:45,03:47,2,287
13348,22,DTO,DALTONGANJ,2,04:12,04:17,5,309
13348,23,KCKI,KECKHI,2,04:30,04:32,2,323
13348,24,BRWD,BARWADIH JN,2,04:44,04:46,2,336
13348,25,CPDR,CHHIPADOHAR,2,04:55,04:57,2,346
13348,26,LTHR,LATEHAR,2,05:21,05:23,2,377
13348,27,TORI,TORI,2,05:47,05:49,2,409
13348,28,MGME,MCCLUSKIEGANJ,2,06:07,06:09,2,431
13348,29,KLRE,KHALARI,2,06:16,06:18,2,438
13348,30,RAY,RAY,2,06:24,06:26,2,444
13348,31,PTRU,PATRATU,2,06:48,06:50,2,474
13348,32,BHKD,BHURKUNDA,2,07:03,07:05,2,482
13348,33,BRKA,BARKA KANA,2,08:05,,0,494
13415,1,MLDT,MALDA TOWN,1,,20:20,0,0
13415,2,NFK,NEW FARAKKA JN,1,20:42,20:44,2,35
13415,3,BHW,BARHARWA JN,1,21:22,21:24,2,49
13415,4,SBG,SAHIBGANJ JN,1,22:15,22:20,5,104
13415,5,CLG,KAHALGAON,1,22:57,22:59,2,148
13415,6,BGP,BHAGALPUR,1,23:43,23:48,5,179
13415,7,SGG,SULTANGANJ,2,00:11,00:13,2,203
13415,8,JMP,JAMALPUR JN,2,00:52,00:57,5,232
13415,9,DRH,DHARHARA,2,01:10,01:12,2,244
13415,10,AHA,ABHAIPUR,2,01:23,01:25,2,254
13415,11,KIUL,KIUL JN,2,02:35,02:40,5,277
13415,12,HTZ,HATHIDAH JN,2,03:08,03:10,2,304
13415,13,MKA,MOKAMA,2,03:18,03:20,2,311
13415,14,BARH,BARH,2,03:38,03:40,2,336
13415,15,BKP,BAKHTIYARPUR JN,2,03:53,03:55,2,354
13415,16,FUT,FATUHA,2,04:15,04:17,2,378
13415,17,PNC,PATNA SAHEB,2,04:28,04:30,2,390
13415,18,RJPB,RAJENDRA NAGAR TERMINAL,2,04:45,04:47,2,397
13415,19,PNBE,PATNA JN,2,05:45,,0,400
13429,1,MLDT,MALDA TOWN,1,,09:30,0,0
13429,2,BHW,BARHARWA JN,1,10:27,10:29,2,49
13429,3,SBG,SAHIBGANJ JN,1,11:16,11:21,5,104
13429,4,PPT,PIRPAINTI,1,11:42,11:44,2,127
13429,5,CLG,KAHALGAON,1,12:04,12:06,2,148
13429,6,BGP,BHAGALPUR,1,12:35,12:45,10,179
13429,7,JMP,JAMALPUR JN,1,13:43,13:48,5,232
13429,8,AHA,ABHAIPUR,1,14:13,14:15,2,254
13429,9,KIUL,KIUL JN,1,15:15,15:20,5,277
13429,10,HTZ,HATHIDAH JN,1,15:40,15:42,2,304
13429,11,BKP,BAKHTIYARPUR JN,1,16:23,16:25,2,354
13429,12,PNBE,PATNA JN,1,17:58,18:05,7,400
13429,13,DNR,DANAPUR,1,18:18,18:20,2,410
13429,14,ARA,ARA,1,18:47,18:49,2,449
13429,15,DDU,PT.DEEN DAYAL UPADHYAYA JN.,1,22:55,23:00,5,607
13429,16,BSB,VARANASI,1,23:45,23:55,10,626
13429,17,MBDP,MAA BELHA DEVI DHAM PRATAPGARH,2,01:55,02:00,5,754
13429,18,AME,AMETHI,2,02:33,02:35,2,789
13429,19,RBL,RAE BARELI JN,2,03:28,03:30,2,849
13429,20,LKO,LUCKNOW JN.,2,06:05,06:15,10,927
13429,21,HRI,HARDOI,2,07:45,07:47,2,1029
13429,22,BE,BAREILLY(NR),2,09:42,09:44,2,1162
13429,23,MB,MORADABAD,2,11:14,11:24,10,1252
13429,24,HPU,HAPUR,2,12:40,12:42,2,1356
13429,25,GZB,GHAZIABAD,2,13:44,13:46,2,1393
13429,26,ANVT,ANAND VIHAR TERMINAL,2,14:25,,0,1406
13508,1,GKP,GORAKHPUR JN,1,,20:50,0,0
13508,2,DEOS,DEORIA SADAR,1,21:50,21:55,5,50
13508,3,BTT,BHATNI JN,1,22:11,22:13,2,71
13508,4,SV,SIWAN JN,1,22:55,23:00,5,120
13508,5,CPR,CHHAPRA,2,00:40,00:50,10,180
13508,6,HJP,HAJIPUR JN,2,02:05,02:10,5,240
13508,7,MFP,MUZAFFARPUR JN,2,02:55,03:00,5,293
13508,8,SPJ,SAMASTIPUR JN,2,04:00,04:05,5,345
13508,9,BJU,BARAUNI JN,2,05:55,06:05,10,396
13508,10,KIUL,KIUL JN,2,07:36,07:38,2,435
13508,11,JAJ,JHAJHA,2,08:35,08:40,5,489
13508,12,JSME,JASIDIH JN.,2,09:07,09:09,2,533
13508,13,MDP,MADHUPUR JN.,2,09:34,09:36,2,562
13508,14,CRJ,CHITTARANJAN,2,10:14,10:16,2,619
13508,15,ASN,ASANSOL JN.,2,11:25,,0,644
14004,1,NDLS,NEW DELHI,1,,18:00,0,0
14004,2,GZB,GHAZIABAD,1,18:44,18:46,2,26
14004,3,MB,MORADABAD,1,21:00,21:10,10,167
14004,4,BE,BAREILLY(NR),1,22:27,22:29,2,257
14004,5,LKO,LUCKNOW JN.,2,02:25,02:35,10,492
14004,6,RBL,RAE BARELI JN,2,03:53,03:55,2,570
14004,7,GNG,GAURIGANJ,2,04:37,04:38,1,617
14004,8,AME,AMETHI,2,04:51,04:53,2,630
14004,9,MBDP,MAA BELHA DEVI DHAM PRATAPGARH,2,05:30,05:35,5,665
14004,10,BSB,VARANASI,2,08:00,08:10,10,793
14004,11,DDU,PT.DEEN DAYAL UPADHYAYA JN.,2,09:10,09:15,5,811
14004,12,BXR,BUXAR,2,10:40,10:42,2,901
14004,13,ARA,ARA,2,11:46,11:48,2,970
14004,14,PNBE,PATNA JN,2,13:03,13:10,7,1019
14004,15,KIUL,KIUL JN,2,15:50,15:55,5,1142
14004,16,AHA,ABHAIPUR,2,16:31,16:33,2,1165
14004,17,DRH,DHARHARA,2,16:44,16:46,2,1175
14004,18,JMP,JAMALPUR JN,2,17:07,17:12,5,1187
14004,19,SGG,SULTANGANJ,2,17:46,17:48,2,1216
14004,20,BGP,BHAGALPUR,2,18:30,18:40,10,1240
14004,21,SBG,SAHIBGANJ JN,2,20:10,20:15,5,1315
14004,22,BHW,BARHARWA JN,2,21:30,21:32,2,1369
14004,23,NFK,NEW FARAKKA JN,2,21:54,21:59,5,1384
14004,24,MLDT,MALDA TOWN,2,23:35,,0,1418
14201,1,JNU,JAUNPUR JN,1,,16:30,0,0
14201,2,ZBD,ZAFARABAD JN,1,16:39,16:40,1,6
14201,3,MAY,MARIAHU,1,16:58,17:00,2,24
14201,4,BSY,BARSATHI,1,17:13,17:14,1,39
14201,5,JNH,JANGHAI JN,1,17:28,17:30,2,54
14201,6,BSE,BADSHAHPUR,1,17:50,17:52,2,71
14201,7,MBDD,MAA BARAHI DEVI DHAM,1,18:21,18:22,1,93
14201,8,MBDP,MAA BELHA DEVI DHAM PRATAPGARH,1,18:48,18:50,2,107
14201,9,MCDA,MAA CHANDIKA DEVI DHAM ANTU,1,19:19,19:20,1,128
14201,10,AME,AMETHI,1,19:57,19:58,1,142
14201,11,GNG,GAURIGANJ,1,20:18,20:20,2,156
14201,12,JAIS,JAIS,1,21:18,21:20,2,174
14201,13,RBL,RAE BARELI JN,1,21:55,,0,202
14313,1,LTT,LOKMANYATILAK,1,,08:05,0,0
14313,2,KYN,KALYAN JN,1,08:37,08:40,3,37
14313,3,NK,NASIK ROAD,1,11:15,11:20,5,171
14313,4,MMR,MANMAD JN,1,12:15,12:20,5,244
14313,5,JL,JALGAON JN,1,14:08,14:10,2,404
14313,6,BSL,BHUSAVAL JN,1,14:45,14:50,5,428
14313,7,BAU,BURHANPUR,1,15:38,15:40,2,482
14313,8,KNW,KHANDWA JUNCTION,1,16:47,16:50,3,551
14313,9,HD,HARDA,1,17:58,18:00,2,658
14313,10,ET,ITARSI JN,1,19:40,19:45,5,734
14313,11,RKMP,RANI KAMALAPATI,1,21:13,21:15,2,819
14313,12,BPL,BHOPAL JN.,1,21:30,21:40,10,825
14313,13,BINA,BINA JN,2,00:10,00:15,5,964
14313,14,VGLJ,VIRANGANA LAKSHMIBAI JHANSI JN,2,03:05,03:13,8,1115
14313,15,GWL,GWALIOR JN.,2,04:25,04:27,2,1213
14313,16,MRA,MORENA,2,04:59,05:01,2,1252
14313,17,AGC,AGRA CANTT JN,2,06:25,06:30,5,1332
14313,18,AF,AGRA FORT,2,07:00,07:10,10,1335
14313,19,ETUE,ETMADPUR JN,2,07:48,07:50,2,1353
14313,20,ALJN,ALIGARH JN,2,10:05,10:10,5,1431
14313,21,DIB,DIBAI,2,11:23,11:25,2,1473
14313,22,BBA,BABRALA,2,11:40,11:45,5,1486
14313,23,CH,CHANDAUSI JN,2,13:05,13:10,5,1529
14313,24,DUB,DABTARA,2,13:32,13:34,2,1553
14313,25,AO,AONLA,2,13:51,13:53,2,1571
14313,26,BE,BAREILLY(NR),2,15:20,,0,1595
14707,1,HMH,HANUMANGARH JN,1,,05:25,0,0
14707,2,PGK,PILI BANGAN,1,05:46,05:48,2,25
14707,3,SOG,SURATGARH JN,1,06:15,06:20,5,50
14707,4,LKS,LUNKARANSAR,1,07:35,07:37,2,152
14707,5,LGH,LALGARH JN,1,09:03,09:05,2,228
14707,6,BKN,BIKANER JN,1,09:30,09:40,10,232
14707,7,DSO,DESHNOK,1,10:15,10:17,2,264
14707,8,NOK,NOKHA,1,10:40,10:42,2,296
14707,9,NGO,NAGAUR,1,11:18,11:23,5,348
14707,10,MDW,MARWAR MUNDWA,1,11:39,11:41,2,366
14707,11,MTD,MERTA ROAD JN,1,12:15,12:20,5,405
14707,12,GOTN,GOTAN,1,12:45,12:47,2,425
14707,13,RKB,RAIKA BAGH,1,13:40,13:42,2,507
14707,14,JU,JODHPUR JN,1,14:00,14:10,10,509
14707,15,LUNI,LUNI JN,1,14:52,14:55,3,541
14707,16,PMY,PALI MARWAR,1,15:30,15:35,5,583
14707,17,MJ,MARWAR JN,1,16:15,16:20,5,613
14707,18,SOS,SOMESAR,1,16:41,16:43,2,640
14707,19,RANI,RANI,1,16:59,17:01,2,664
14707,20,FA,FALNA,1,17:15,17:17,2,679
14707,21,SJWB,SUMERPUR JAWAI BANDH,1,17:30,17:32,2,695
14707,22,PDWA,PINDWARA,1,18:00,18:02,2,734
14707,23,ABR,ABU ROAD,1,18:45,18:55,10,777
14707,24,PNU,PALANPUR JN,1,19:55,20:00,5,830
14707,25,UJA,UNJHA,1,20:34,20:36,2,875
14707,26,MSH,MAHESANA JN,1,20:55,21:00,5,895
14707,27,KLL,KALOL,1,21:32,21:34,2,937
14707,28,SBIB,SABARMATI BG,1,22:03,22:05,2,957
14707,29,ADI,AHMEDABAD JN,1,22:45,22:55,10,964
14707,30,ND,NADIAD JN,1,23:42,23:44,2,1009
14707,31,ANND,ANAND JN,1,23:57,23:59,2,1028
14707,32,BRC,VADODARA JN,2,00:40,00:45,5,1063
14707,33,BH,BHARUCH JN,2,01:38,01:40,2,1134
14707,34,ST,SURAT,2,02:39,02:44,5,1193
14707,35,NVS,NAVSARI,2,03:05,03:10,5,1222
14707,36,BL,VALSAD,2,03:45,03:50,5,1261
14707,37,VAPI,VAPI,2,04:15,04:20,5,1287
14707,38,PLG,PALGHAR,2,05:16,05:20,4,1369
14707,39,BVI,BORIVALI,2,06:13,06:15,2,1426
14707,40,DDR,DADAR,2,07:10,,0,1449
15003,1,CPA,KANPUR ANWRGANJ,1,,16:40,0,0
15003,2,CNB,KANPUR CENTRAL,1,16:50,17:00,10,2
15003,3,BKO,BINDKI ROAD,1,17:44,17:45,1,49
15003,4,FTP,FATEHPUR,1,18:10,18:12,2,80
15003,5,KGA,KHAGA,1,18:40,18:42,2,115
15003,6,SRO,SIRATHU,1,19:08,19:10,2,140
15003,7,BRE,BHARWARI,1,19:28,19:30,2,159
15003,8,MRE,MANAURI,1,19:48,19:50,2,179
15003,9,PRYJ,PRAYAGRAJ JN,1,20:40,20:50,10,197
15003,10,PRRB,PRAYAGRAJ RAMBAG,1,21:13,21:15,2,199
15003,11,HDK,HANDIA KHAS,1,22:00,22:02,2,236
15003,12,GYN,GYANPUR ROAD,1,22:23,22:25,2,261
15003,13,MBS,MADHOSINGH,1,22:38,22:40,2,274
15003,14,BHLP,BHULANPUR,1,23:14,23:15,1,315
15003,15,BNRS,BANARAS,1,23:43,23:45,2,317
15003,16,BSB,VARANASI,2,00:05,00:15,10,321
15003,17,BCY,VARANASI CITY,2,00:26,00:28,2,325
15003,18,ARJ,AUNRIHAR JN.,2,01:01,01:03,2,356
15003,19,DLR,DULLAHAPUR,2,01:34,01:36,2,393
15003,20,MAU,MAU JN,2,02:00,02:05,5,414
15003,21,IAA,INDARA JN,2,02:15,02:17,2,422
15003,22,BLTR,BELTHARA ROAD,2,02:40,02:42,2,449
15003,23,LRD,LAR ROAD,2,02:56,02:58,2,462
15003,24,SRU,SALEMPUR JN,2,03:10,03:12,2,471
15003,25,BTT,BHATNI JN,2,03:33,03:35,2,482
15003,26,DEOS,DEORIA SADAR,2,04:00,04:05,5,502
15003,27,GB,GAURI BAZAR,2,04:30,04:32,2,518
15003,28,CC,CHAURI CHAURA,2,04:45,04:47,2,527
15003,29,GKP,GORAKHPUR JN,2,06:10,,0,553
15037,1,CPA,KANPUR ANWRGANJ,1,,11:40,0,0
15037,2,RPO,RAWATPUR,1,11:45,11:47,2,4
15037,3,KAP,KALIANPUR,1,11:54,11:56,2,9
15037,4,BJR,BARRAJPUR,1,12:15,12:17,2,33
15037,5,BLU,BILHAUR,1,12:38,12:40,2,52
15037,6,KJN,KANNAUJ,1,13:00,13:02,2,78
15037,7,GHJ,GURSAHAIGANJ,1,13:21,13:23,2,99
15037,8,KLJ,KAMALGANJ,1,13:38,13:40,2,119
15037,9,FGR,FATEHGARH,1,13:52,13:54,2,131
15037,10,FBD,FARRUKHABAD,1,14:13,14:18,5,136
15037,11,SSD,SHAMSABAD,1,14:36,14:38,2,153
15037,12,KMJ,KAIMGANJ,1,14:49,14:51,2,166
15037,13,RDN,RUDAIN,1,15:03,15:05,2,181
15037,14,BAPR,BALLUPUR,1,15:11,15:13,2,186
15037,15,DRO,DARYAOGONJ,1,15:19,15:21,2,192
15037,16,PTI,PATIALI,1,15:32,15:34,2,205
15037,17,GWA,GANJ DUNDWARA,1,15:45,15:47,2,212
15037,18,SWRT,SAHAWAR TOWN,1,15:58,16:00,2,225
15037,19,KSJ,KASGANJ,1,16:45,,0,244
15090,1,GTNR,GOMTI NAGAR,1,,15:20,0,0
15090,2,BBK,BARABANKI JN,1,16:11,16:13,2,20
15090,3,BUW,BURHWAL JN,1,16:37,16:39,2,48
15090,4,GD,GONDA JN,1,17:30,17:35,5,109
15090,5,MUR,MANKAPUR JN,1,17:57,17:59,2,137
15090,6,BST,BASTI,1,18:52,18:55,3,198
15090,7,KLD,KHALILABAD,1,19:16,19:18,2,228
15090,8,GKP,GORAKHPUR JN,1,20:40,20:50,10,263
15090,9,DEOS,DEORIA SADAR,1,21:50,21:55,5,313
15090,10,BTT,BHATNI JN,1,22:13,22:15,2,334
15090,11,SV,SIWAN JN,1,22:55,23:00,5,382
15090,12,CPR,CHHAPRA,2,00:40,00:50,10,443
15090,13,SEE,SONPUR,2,01:51,01:53,2,497
15090,14,HJP,HAJIPUR JN,2,02:05,02:10,5,502
15090,15,BJU,BARAUNI JN,2,04:05,04:15,10,590
15090,16,BGS,BEGUSARAI,2,04:34,04:36,2,605
15090,17,MGR,MONGHYR,2,05:50,05:55,5,645
15090,18,SGG,SULTANGANJ,2,06:36,06:38,2,677
15090,19,BGP,BHAGALPUR,2,07:25,07:35,10,701
15090,20,BHLE,BARAHAT,2,08:12,08:14,2,738
15090,21,MDLE,MANDAR HILL,2,08:30,08:40,10,751
15090,22,HSDA,HANSDIHA,2,09:19,09:39,20,774
15090,23,PYHT,PRAYAHAT HALT,2,10:16,10:18,2,789
15090,24,GODA,GODDA,2,11:15,,0,806
15516,1,DNR,DANAPUR,1,,14:30,0,0
15516,2,PPTA,PATLIPUTRA,1,14:43,14:45,2,6
15516,3,HJP,HAJIPUR JN,1,15:30,15:35,5,26
15516,4,BNR,BHAGWANPUR,1,15:51,15:53,2,46
15516,5,MFP,MUZAFFARPUR JN,1,17:15,17:25,10,80
15516,6,NRSD,NEW RUNNISAIDPUR HALT,1,18:03,18:04,1,119
15516,7,RUSD,RUNNISAIDPUR,1,18:07,18:09,2,122
15516,8,GARA,GARHA,1,18:17,18:18,1,127
15516,9,DUMR,DUMRA,1,18:28,18:29,1,139
15516,10,SMI,SITAMARHI JUNCTION,1,18:35,18:40,5,145
15516,11,RIGA,RIGA,1,18:56,18:57,1,157
15516,12,DAG,DHANG,1,19:07,19:08,1,168
15516,13,BGU,BAIRAGNIA,1,19:17,19:19,2,177
15516,14,KWC,KUNDWA CHAINPUR,1,19:36,19:37,1,187
15516,15,GRH,GHORASAHAN,1,19:52,19:53,1,195
15516,16,CAO,CHAURADANO,1,20:09,20:10,1,207
15516,17,ADX,ADAPUR,1,20:19,20:20,1,218
15516,18,RXL,RAXAUL JN,1,20:55,21:05,10,230
15516,19,MSDH,MASNADIH,1,21:13,21:14,1,238
15516,20,RGH,RAMGARHWA,1,21:19,21:21,2,245
15516,21,DRQ,DHARMINIYA,1,21:31,21:32,1,253
15516,22,SGL,SAGAULI JN,1,21:50,21:55,5,259
15516,23,MJL,MAJHOWALIA,1,22:08,22:10,2,272
15516,24,BTH,BETTIAH,1,22:21,22:23,2,281
15516,25,KUMB,KUMARBAGH,1,22:38,22:40,2,291
15516,26,CAI,CHANPATIA,1,23:06,23:08,2,298
15516,27,SAHI,SATHI,1,23:38,23:40,2,307
15516,28,NKE,NARKATIAGANJ JN,2,00:45,,0,318
15768,1,APDJ,ALIPUR DUAR JN,1,,05:45,0,0
15768,2,RVK,RAJA BHAT KHAWA,1,06:03,06:04,1,11
15768,3,GRU,GAROPARA,1,06:11,06:12,1,17
15768,4,KCF,KALCHINI,1,06:19,06:20,1,23
15768,5,HOJ,HAMITONGANJ,1,06:28,06:29,1,26
15768,6,HSA,HASIMARA,1,06:38,06:39,1,35
15768,7,MDT,MADARIHAT,1,06:50,06:51,1,45
15768,8,MJE,MUJNAI,1,07:00,07:01,1,54
15768,9,DLO,DALGAON,1,07:10,07:11,1,60
15768,10,BNV,BINNAGURI,1,07:22,07:23,1,69
15768,11,BNQ,BANARHAT,1,07:34,07:35,1,74
15768,12,CRX,CARRON,1,07:53,07:54,1,87
15768,13,NKB,NAGRAKATA,1,08:03,08:04,1,92
15768,14,CLD,CHALSA JN,1,08:25,08:26,1,106
15768,15,NMZ,NEW MAL JN,1,08:36,08:37,1,113
15768,16,DDM,DAM DIM,1,08:48,08:49,1,119
15768,17,ODB,OODLABARI,1,08:56,08:57,1,124
15768,18,BRQ,BAGRAKOT,1,09:03,09:04,1,128
15768,19,SVQ,SIVOK,1,09:22,09:23,1,140
15768,20,GLMA,GULMA,1,09:45,09:46,1,152
15768,21,SGUJ,SILIGURI JN,1,10:40,,0,161
15903,1,DBRG,DIBRUGARH,1,,08:45,0,0
15903,2,NTSK,NEW TINSUKIA,1,09:35,09:45,10,42
15903,3,SLGR,SIMALUGURI JN,1,11:13,11:15,2,144
15903,4,MXN,MARIANI JN,1,12:15,12:25,10,198
15903,5,FKG,FURKATING JN.,1,13:28,13:30,2,236
15903,6,DMV,DIMAPUR,1,14:35,14:40,5,306
15903,7,DPU,DIPHU,1,15:12,15:14,2,344
15903,8,LMG,LUMDING JN,1,15:55,16:05,10,375
15903,9,GHY,GUWAHATI,1,19:30,19:45,15,556
15903,10,RNY,RANGIYA JN.,1,20:55,21:00,5,604
15903,11,NBQ,NEW BONGAIGAON,1,22:45,22:55,10,713
15903,12,KOJ,KOKRAJHAR,1,23:52,23:54,2,744
15903,13,NOQ,NEW ALIPURDUAR,2,00:47,00:52,5,823
15903,14,NCB,NEW COOCH BEHAR,2,01:15,01:20,5,841
15903,15,NJP,NEW JALPAIGURI,2,03:55,04:05,10,967
15903,16,KNE,KISHANGANJ,2,05:08,05:10,2,1054
15903,17,KIR,KATIHAR JN,2,07:20,07:30,10,1152
15903,18,NNA,NAUGACHIA,2,08:18,08:20,2,1209
15903,19,KGG,KHAGARIA JN.,2,09:10,09:12,2,1276
15903,20,BJU,BARAUNI JN,2,10:35,10:45,10,1332
15903,21,SPJ,SAMASTIPUR JN,2,11:40,11:45,5,1383
15903,22,MFP,MUZAFFARPUR JN,2,12:45,12:50,5,1435
15903,23,HJP,HAJIPUR JN,2,13:38,13:43,5,1488
15903,24,SEE,SONPUR,2,13:51,13:53,2,1494
15903,25,CPR,CHHAPRA,2,15:30,15:40,10,1548
15903,26,SV,SIWAN JN,2,16:30,16:35,5,1608
15903,27,DEOS,DEORIA SADAR,2,17:35,17:40,5,1678
15903,28,GKP,GORAKHPUR JN,2,19:30,19:40,10,1728
15903,29,BST,BASTI,2,21:13,21:16,3,1792
15903,30,GD,GONDA JN,2,23:15,23:20,5,1882
15903,31,LKO,LUCKNOW JN.,3,02:10,02:20,10,1998
15903,32,BE,BAREILLY(NR),3,05:53,05:55,2,2233
15903,33,MB,MORADABAD,3,07:35,07:43,8,2324
15903,34,SRE,SAHARANPUR JN.,3,11:00,11:10,10,2516
15903,35,UMB,AMBALA CANT JN,3,12:20,12:25,5,2598
15903,36,CDG,CHANDIGARH,3,13:15,,0,2643
15911,1,TSK,TINSUKIA JN.,1,,15:35,0,0
15911,2,NTSK,NEW TINSUKIA,1,15:40,15:50,10,2
15911,3,DBRG,DIBRUGARH,1,16:35,16:45,10,44
15911,4,DMGN,DHAMALGAON,1,16:59,17:01,2,57
15911,5,DMC,DHEMAJI,1,17:38,17:40,2,106
15911,6,BDLN,BORDOLANI,1,17:56,17:58,2,119
15911,7,GOM,GOGAMUKH,1,18:11,18:13,2,132
15911,8,BGND,BOGINADI,1,18:40,18:42,2,150
15911,9,NLP,NORTH LAKHIMPUR,1,19:25,19:30,5,175
15911,10,HMY,HARMUTI,1,20:00,20:10,10,205
15911,11,NHLN,NAHARLAGUN,1,21:50,,0,225
16057,1,MAS,PURATCHI THALAIVAR DR. MGR CTL,1,,06:30,0,0
16057,2,ABU,AMBATTUR,1,06:49,06:50,1,16
16057,3,TRL,TIRUVALLUR,1,07:08,07:10,2,42
16057,4,AJJ,ARAKKONAM JN.,1,07:35,07:37,2,69
16057,5,TRT,TIRUTTANI,1,07:53,07:55,2,82
16057,6,EKM,EKAMBARAKUPPAM,1,08:13,08:15,2,98
16057,7,PUT,PUTTUR,1,08:28,08:30,2,112
16057,8,RU,RENIGUNTA JN,1,09:00,09:10,10,136
16057,9,TPTY,TIRUPATI,1,09:50,,0,145
16104,1,RMM,RAMESWARAM,1,,16:00,0,0
16104,2,RMD,RAMANATHAPURAM,1,16:53,16:55,2,52
16104,3,PMK,PARAMAKKUDI,1,17:18,17:20,2,87
16104,4,MNM,MANAMADURAI JN,1,17:47,17:50,3,111
16104,5,SVGA,SIVAGANGA,1,18:08,18:10,2,132
16104,6,KKDI,KARAIKKUDI JN,1,18:50,18:55,5,172
16104,7,ATQ,ARANTANGI,1,19:20,19:21,1,200
16104,8,PVI,PERAVURANI,1,19:43,19:44,1,225
16104,9,PKT,PATTUKKOTTAI,1,20:03,20:05,2,246
16104,10,AMM,ADIRAMPATINAM,1,20:17,20:18,1,258
16104,11,MTT,MUTUPET,1,20:33,20:34,1,273
16104,12,TTP,TIRUTURAIPUNDI JN,1,20:52,20:54,2,295
16104,13,TVR,THIRUVARUR JN,1,21:27,21:30,3,321
16104,14,MV,MAYILADUTURAI JN,1,22:08,22:10,2,360
16104,15,CDM,CHIDAMBARAM,1,22:43,22:45,2,397
16104,16,TDPR,TIRUPPADIRIPULIYUR,1,23:29,23:30,1,439
16104,17,PRT,PANRUTI,1,23:49,23:50,1,462
16104,18,VM,VILLUPURAM JN,2,01:00,01:10,10,482
16104,19,CGL,CHENGALPATTU JN.,2,02:33,02:35,2,585
16104,20,TBM,TAMBARAM,2,03:45,,0,615
16308,1,CAN,KANNUR,1,,05:10,0,0
16308,2,TLY,THALASSERY,1,05:29,05:30,1,21
16308,3,MAHE,MAHE,1,05:38,05:39,1,30
16308,4,BDJ,VADAKARA,1,05:49,05:50,1,43
16308,5,PYOL,PAYYOLI,1,05:56,05:57,1,52
16308,6,QLD,QUILANDI,1,06:09,06:10,1,65
16308,7,CLT,KOZHIKKODE,1,06:37,06:40,3,89
16308,8,FK,FEROK,1,06:54,06:55,1,99
16308,9,VLI,VALLIKUNNU,1,07:02,07:03,1,109
16308,10,PGI,PARPANANGADI,1,07:14,07:15,1,114
16308,11,TA,TANUR,1,07:22,07:23,1,122
16308,12,TIR,TIRUR,1,07:33,07:35,2,130
16308,13,TUA,TIRUNNAVAYA,1,07:44,07:45,1,139
16308,14,KTU,KUTTIPPURAM,1,07:54,07:55,1,145
16308,15,PTB,PATTAMBI,1,08:09,08:10,1,164
16308,16,SRR,SHORANUR JN,1,08:50,08:55,5,175
16308,17,WKI,WADAKANCHERI,1,09:11,09:12,1,192
16308,18,TCR,THRISUR,1,09:30,09:33,3,209
16308,19,PUK,PUDUKAD,1,09:48,09:49,1,222
16308,20,IJK,IRINJALAKUDA,1,10:00,10:01,1,232
16308,21,CKI,CHALAKUDI,1,10:07,10:08,1,239
16308,22,AFK,ANGAMALI,1,10:24,10:25,1,254
16308,23,AWY,ALUVA,1,10:37,10:39,2,263
16308,24,ERN,ERNAKULAM TOWN,1,11:00,11:02,2,280
16308,25,ERS,ERNAKULAM JN,1,11:15,11:20,5,283
16308,26,TUVR,TURAVUR,1,11:45,11:46,1,306
16308,27,SRTL,CHERTHALA,1,11:57,11:58,1,316
16308,28,ALLP,ALAPPUZHA,1,13:30,,0,340
16311,1,SGNR,SHRI GANGANAGAR,1,,14:10,0,0
16311,2,SRW,SHRI KARANPUR,1,14:42,14:44,2,47
16311,3,RSNR,RAI SINGH NAGAR,1,15:07,15:09,2,81
16311,4,SOG,SURATGARH JN,1,15:55,16:00,5,137
16311,5,LKS,LUNKARANSAR,1,17:27,17:29,2,239
16311,6,LGH,LALGARH JN,1,18:28,18:33,5,315
16311,7,BKN,BIKANER JN,1,19:10,19:20,10,319
16311,8,NOK,NOKHA,1,20:12,20:14,2,383
16311,9,NGO,NAGAUR,1,20:48,20:53,5,435
16311,10,MTD,MERTA ROAD JN,1,21:50,21:55,5,492
16311,11,JU,JODHPUR JN,1,23:20,23:30,10,597
16311,12,LUNI,LUNI JN,2,00:12,00:15,3,628
16311,13,PMY,PALI MARWAR,2,00:45,00:50,5,670
16311,14,MJ,MARWAR JN,2,01:45,01:50,5,700
16311,15,FA,FALNA,2,02:36,02:38,2,766
16311,16,ABR,ABU ROAD,2,03:55,04:05,10,865
16311,17,PNU,PALANPUR JN,2,05:00,05:02,2,917
16311,18,MSH,MAHESANA JN,2,05:47,05:49,2,982
16311,19,ADI,AHMEDABAD JN,2,07:25,07:35,10,1051
16311,20,ANND,ANAND JN,2,08:53,08:55,2,1115
16311,21,BRC,VADODARA JN,2,09:27,09:32,5,1151
16311,22,AKV,ANKLESHWAR JN,2,10:26,10:28,2,1230
16311,23,ST,SURAT,2,11:17,11:22,5,1280
16311,24,VAPI,VAPI,2,12:23,12:25,2,1375
16311,25,BOR,BOISAR,2,13:08,13:10,2,1444
16311,26,BSR,VASAI ROAD,2,14:05,14:10,5,1495
16311,27,PNVL,PANVEL,2,15:22,15:25,3,1559
16311,28,MNI,MANGAON,2,17:18,17:20,2,1666
16311,29,RN,RATNAGIRI,2,20:30,20:35,5,1840
16311,30,KUDL,KUDAL,2,23:00,23:02,2,1979
16311,31,THVM,THIVIM,2,23:50,23:52,2,2032
16311,32,MAO,MADGAON JUNCTION,3,01:45,01:55,10,2078
16311,33,KT,KUMTA,3,03:50,03:52,2,2192
16311,34,MRDW,MURDESHWAR,3,04:32,04:34,2,2232
16311,35,BYNR,MOOKAMBIKA ROAD BYNDOOR (H),3,05:15,05:17,2,2263
16311,36,KUDA,KUNDAPURA,3,05:48,05:50,2,2296
16311,37,UD,UDUPI,3,06:44,06:46,2,2327
16311,38,MAJN,MANGALORE JUNCTION,3,09:15,09:20,5,2393
16311,39,KGQ,KASARAGOD,3,10:03,10:05,2,2438
16311,40,CAN,KANNUR,3,11:27,11:30,3,2524
16311,41,QLD,QUILANDI,3,12:21,12:22,1,2588
16311,42,CLT,KOZHIKKODE,3,12:52,12:55,3,2613
16311,43,TIR,TIRUR,3,13:28,13:30,2,2654
16311,44,SRR,SHORANUR JN,3,15:00,15:05,5,2699
16311,45,TCR,THRISUR,3,15:57,16:00,3,2732
16311,46,AWY,ALUVA,3,16:58,17:00,2,2787
16311,47,ERN,ERNAKULAM TOWN,3,17:35,17:40,5,2804
16311,48,KTYM,KOTTAYAM,3,18:37,18:40,3,2864
16311,49,TRVL,TIRUVALLA,3,19:06,19:07,1,2889
16311,50,CNGR,CHENGANNUR,3,19:17,19:19,2,2898
16311,51,KYJ,KAYANKULAM JN,3,19:40,19:42,2,2918
16311,52,QLN,KOLLAM JN,3,20:27,20:30,3,2959
16311,53,TVCN,THIRUVANANTHAPURAM NORTH,3,22:45,,0,3018
16313,1,TVCN,THIRUVANANTHAPURAM NORTH,1,,17:15,0,0
16313,2,VAK,VARKALA,1,17:44,17:45,1,35
16313,3,QLN,KOLLAM JN,1,18:05,18:08,3,58
16313,4,STKT,SASTHANKOTTA,1,18:26,18:27,1,78
16313,5,KPY,KARUNAGAPPALLI,1,18:36,18:37,1,85
16313,6,KYJ,KAYANKULAM JN,1,19:04,19:06,2,99
16313,7,MVLK,MAVELIKARA,1,19:17,19:18,1,107
16313,8,CNGR,CHENGANNUR,1,19:29,19:31,2,119
16313,9,TRVL,TIRUVALLA,1,19:41,19:42,1,128
16313,10,CGY,CHANGANASSERI,1,19:51,19:52,1,136
16313,11,KTYM,KOTTAYAM,1,20:15,20:18,3,154
16313,12,ERN,ERNAKULAM TOWN,1,21:40,21:45,5,214
16313,13,AWY,ALUVA,1,22:02,22:04,2,231
16313,14,TCR,THRISUR,1,22:52,22:55,3,285
16313,15,SRR,SHORANUR JN,2,00:10,00:15,5,319
16313,16,TIR,TIRUR,2,00:53,00:54,1,364
16313,17,CLT,KOZHIKKODE,2,01:47,01:50,3,404
16313,18,BDJ,VADAKARA,2,02:29,02:30,1,451
16313,19,TLY,THALASSERY,2,02:51,02:52,1,473
16313,20,CAN,KANNUR,2,03:17,03:20,3,494
16313,21,PAY,PAYYANUR,2,03:45,03:46,1,527
16313,22,KZE,KANHANGAD,2,04:19,04:20,1,557
16313,23,KGQ,KASARAGOD,2,04:39,04:40,1,579
16313,24,MAJN,MANGALORE JUNCTION,2,06:50,,0,624
16568,1,SMET,SHIMOGA TOWN,1,,04:00,0,0
16568,2,SME,SHIMOGA,1,04:05,04:06,1,2
16568,3,BDVT,BHADRAVATI,1,04:23,04:25,2,18
16568,4,MSS,MASARAHALLI,1,04:31,04:32,1,24
16568,5,TKE,TARIKERE JN,1,04:46,04:48,2,39
16568,6,KRNH,KARANAHALLI,1,04:56,04:57,1,48
16568,7,SPV,SIVAPUR,1,05:03,05:04,1,53
16568,8,RRB,BIRUR JN,1,05:18,05:20,2,63
16568,9,DRU,KADUR,1,05:28,05:30,2,69
16568,10,BLKR,BALLEKERE HALT,1,05:39,05:40,1,75
16568,11,VNR,DEVANUR,1,05:49,05:50,1,85
16568,12,BVR,BANAVAR,1,05:59,06:00,1,92
16568,13,ASK,ARSIKERE JN,1,06:25,06:30,5,108
16568,14,ADHL,ADIHALLI,1,06:39,06:40,1,116
16568,15,HVL,HONNAVALLI RD,1,06:46,06:47,1,121
16568,16,SSNH,SHRI SHARADA NAGAR,1,06:56,06:57,1,131
16568,17,TTR,TIPTUR,1,07:03,07:05,2,133
16568,18,BNK,BANASANKARAI HALT,1,07:11,07:12,1,138
16568,19,RDI,KARDI,1,07:17,07:18,1,144
16568,20,ARGP,ARALAGUPPE,1,07:23,07:24,1,149
16568,21,BSN,BANASANDRA,1,07:40,07:41,1,154
16568,22,AMSA,AMMASANDRA,1,07:53,07:54,1,160
16568,23,SPGR,SAMPIGE ROAD,1,08:00,08:01,1,165
16568,24,NTR,NITTUR,1,08:09,08:10,1,176
16568,25,GBB,GUBBI,1,08:18,08:19,1,185
16568,26,MLSA,MALLASANDRA,1,08:27,08:28,1,194
16568,27,HEI,HEGGERE HALT,1,08:37,08:38,1,198
16568,28,TK,TUMKUR,1,09:10,,0,204
16622,1,MAQ,MANGALORE CENTRAL,1,,19:30,0,0
16622,2,KGQ,KASARAGOD,1,20:09,20:10,1,43
16622,3,CAN,KANNUR,1,21:17,21:20,3,129
16622,4,CLT,KOZHIKKODE,1,22:37,22:40,3,218
16622,5,TIR,TIRUR,1,23:12,23:13,1,259
16622,6,SRR,SHORANUR JN,2,00:10,00:15,5,304
16622,7,PGT,PALAKKAD JN,2,01:30,01:50,20,348
16622,8,POY,POLLACHI JN.,2,04:00,04:05,5,406
16622,9,UDT,UDUMALAIPPETTAI,2,04:33,04:35,2,435
16622,10,PLNI,PALANI,2,05:08,05:10,2,469
16622,11,ODC,ODDANCHATRAM,2,05:35,05:37,2,494
16622,12,DG,DINDIGUL JN,2,06:25,06:30,5,527
16622,13,MDU,MADURAI JN,2,07:45,07:50,5,594
16622,14,MNM,MANAMADURAI JN,2,08:35,08:40,5,642
16622,15,PMK,PARAMAKKUDI,2,09:00,09:02,2,666
16622,16,RMD,RAMANATHAPURAM,2,09:28,09:30,2,701
16622,17,RMM,RAMESWARAM,2,10:50,,0,753
17078,1,TPJ,TIRUCHCHIRAPPALLI JN.,1,,21:30,0,0
17078,2,SRGM,SRIRANGAM,1,21:52,21:54,2,12
17078,3,ALU,ARIYALUR,1,22:38,22:40,2,70
17078,4,VRI,VRIDDHACHALAM JN,1,23:20,23:22,2,123
17078,5,VM,VILLUPURAM JN,2,00:05,00:15,10,178
17078,6,TRK,TIRUKKOVILUR,2,00:43,00:45,2,211
17078,7,TNM,TIRUVANNAMALAI,2,01:28,01:30,2,245
17078,8,VLR,VELLORE CANTONMENT,2,03:13,03:15,2,328
17078,9,KPD,KATPADI JN,2,03:55,04:00,5,337
17078,10,CTO,CHITTOOR,2,04:58,05:00,2,370
17078,11,TPTY,TIRUPATI,2,07:05,07:10,5,441
17078,12,RU,RENIGUNTA JN,2,07:35,07:45,10,451
17078,13,GDR,GUDUR JN,2,09:13,09:15,2,534
17078,14,NLR,NELLORE,2,09:58,10:00,2,572
17078,15,OGL,ONGOLE,2,11:33,11:35,2,688
17078,16,CLX,CHIRALA,2,12:33,12:35,2,738
17078,17,BPP,BAPATLA,2,12:53,12:55,2,753
17078,18,TEL,TENALI JN,2,13:58,14:00,2,795
17078,19,GNT,GUNTUR JN,2,15:05,15:15,10,821
17078,20,SAP,SATTENAPALLE,2,15:33,15:35,2,863
17078,21,NDKD,NADIKODE,2,16:23,16:25,2,912
17078,22,MRGA,MIRYALAGUDA,2,18:08,18:10,2,951
17078,23,NLDA,NALGONDA,2,19:13,19:15,2,990
17078,24,CHZ,CHARLAPALLI,2,22:20,,0,1080
17205,1,SNSI,SAINAGAR SHIRDI,1,,17:00,0,0
17205,2,MMR,MANMAD JN,1,18:45,18:50,5,83
17205,3,NSL,NAGARSOL,1,19:20,19:25,5,107
17205,4,RGO,ROTEGAON,1,19:44,19:45,1,135
17205,5,LSR,LASUR,1,20:04,20:05,1,162
17205,6,CPSN,CHHATRAPATI SAMBHAJINAGAR,1,20:45,20:50,5,196
17205,7,J,JALNA,1,21:43,21:45,2,258
17205,8,PTU,PARTUR,1,22:20,22:21,1,303
17205,9,SELU,SELU,1,22:40,22:41,1,331
17205,10,MVO,MANWATH ROAD,1,22:54,22:55,1,345
17205,11,PBN,PARBHANI JN,2,23:45,00:05,20,373
17205,12,GNH,GANGAKHER,2,00:39,00:40,1,407
17205,13,PRLI,PARLI VAIJNATH,2,01:40,01:55,15,437
17205,14,LTRR,LATUR ROAD,2,03:09,03:10,1,500
17205,15,UDGR,UDGIR,2,03:44,03:45,1,533
17205,16,BHLK,BHALKI,2,04:24,04:25,1,576
17205,17,BIDR,BIDAR,2,05:00,05:02,2,614
17205,18,ZB,ZAHIRABAD,2,05:34,05:35,1,645
17205,19,VKB,VIKARABAD JN,2,06:43,06:45,2,704
17205,20,SKP,SHANKARPALLI,2,07:08,07:09,1,733
17205,21,LPI,LINGAMPALLI,2,07:19,07:20,1,754
17205,22,BMT,BEGAMPET,2,07:59,08:00,1,772
17205,23,SC,SECUNDERABAD JN,2,08:25,08:30,5,777
17205,24,CHZ,CHARLAPALLI,2,08:49,08:50,1,788
17205,25,KZJ,KAZIPET JN,2,11:08,11:10,2,907
17205,26,WL,WARANGAL,2,11:29,11:30,1,919
17205,27,KDM,KESAMUDRAM,2,11:59,12:00,1,964
17205,28,MABD,MAHBUBABAD,2,12:14,12:15,1,979
17205,29,DKJ,DORNAKAL JN,2,12:39,12:40,1,1004
17205,30,KMT,KHAMMAM,2,12:59,13:00,1,1025
17205,31,MDR,MADHIRA,2,13:39,13:40,1,1069
17205,32,BZA,VIJAYAWADA JN,2,14:50,15:10,20,1126
17205,33,EE,ELURU,2,15:54,15:55,1,1185
17205,34,TDD,TADEPALLIGUDEM,2,16:34,16:35,1,1233
17205,35,NDD,NIDADAVOLU JN,2,16:54,16:55,1,1253
17205,36,RJY,RAJAMUNDRY,2,17:28,17:30,2,1275
17205,37,SLO,SAMALKOT JN,2,18:18,18:20,2,1325
17205,38,CCT,KAKINADA TOWN,2,18:50,18:55,5,1338
17205,39,COA,KAKINADA PORT,2,19:45,,0,1340
17248,1,DMM,DHARMAVARAM JN,1,,14:20,0,0
17248,2,MGB,MUDIGUBBA,1,14:49,14:50,1,35
17248,3,KRY,KADIRI,1,15:13,15:15,2,67
17248,4,MCU,MULACALACHERUVU,1,15:40,15:42,2,104
17248,5,MPL,MADANAPALLE RD,1,16:09,16:10,1,144
17248,6,KCI,KALLKIRI,1,16:33,16:35,2,172
17248,7,PIL,PILER,1,16:48,16:50,2,186
17248,8,PAK,PAKALA JN,1,17:38,17:40,2,228
17248,9,TPTY,TIRUPATI,1,18:30,18:35,5,269
17248,10,RU,RENIGUNTA JN,1,19:00,19:10,10,279
17248,11,KHT,SRI KALAHASTI,1,19:38,19:40,2,302
17248,12,VKI,VENKATAGIRI,1,19:58,20:00,2,326
17248,13,GDR,GUDUR JN,1,20:58,21:00,2,362
17248,14,NLR,NELLORE,1,21:28,21:30,2,400
17248,15,KVZ,KAVALI,1,22:09,22:10,1,451
17248,16,OGL,ONGOLE,1,23:08,23:10,2,516
17248,17,CLX,CHIRALA,1,23:48,23:50,2,566
17248,18,BPP,BAPATLA,2,00:04,00:05,1,581
17248,19,TEL,TENALI JN,2,00:48,00:50,2,623
17248,20,BZA,VIJAYAWADA JN,2,01:25,01:35,10,655
17248,21,GDV,GUDIVADA JN,2,02:33,02:35,2,698
17248,22,KKLR,KAIKOLUR,2,03:03,03:05,2,727
17248,23,AKVD,AKIVIDU,2,03:23,03:25,2,744
17248,24,BVRT,BHIMAVARAM TOWN,2,03:43,03:45,2,761
17248,25,BVRM,BHIMAVARAM JN,2,03:58,04:00,2,763
17248,26,VVM,VIRAVASARAM,2,04:18,04:20,2,774
17248,27,PKO,PALAKOLLU,2,04:28,04:30,2,784
17248,28,NS,NARASAPUR,2,05:25,,0,793
17323,1,UBL,SSS HUBBALLI JN,1,,18:15,0,0
17323,2,GDG,GADAG JN,1,19:30,19:40,10,58
17323,3,BDM,BADAMI,1,20:59,21:00,1,124
17323,4,BGK,BAGALKOT,1,21:25,21:30,5,151
17323,5,LMT,ALMATTI,1,22:24,22:25,1,186
17323,6,BJP,VIJAYAPURA,1,23:50,23:55,5,247
17323,7,SUR,SOLAPUR JN,2,02:50,02:55,5,356
17323,8,DD,DAUND JN,2,06:25,06:30,5,544
17323,9,ANG,AHILYANAGAR,2,08:07,08:10,3,629
17323,10,KPG,KOPARGAON,2,10:02,10:05,3,740
17323,11,MMR,MANMAD JN,2,12:35,12:40,5,782
17323,12,BSL,BHUSAVAL JN,2,15:20,15:25,5,966
17323,13,KNW,KHANDWA JUNCTION,2,17:25,17:30,5,1089
17323,14,ET,ITARSI JN,2,20:00,20:10,10,1267
17323,15,PPI,PIPARIYA,2,20:58,21:00,2,1334
17323,16,NU,NARSINGHPUR,2,21:58,22:00,2,1428
17323,17,JBP,JABALPUR,2,23:30,23:40,10,1512
17323,18,KTE,KATNI,3,00:45,00:50,5,1603
17323,19,MYR,MAIHAR,3,01:38,01:40,2,1666
17323,20,STA,SATNA,3,02:05,02:10,5,1701
17323,21,MKP,MANIKPUR JN,3,03:50,03:52,2,1779
17323,22,PCOI,PRAYAGRAJ CHHEOKI,3,05:33,05:35,2,1871
17323,23,MZP,MIRZAPUR,3,06:33,06:35,2,1951
17323,24,BSB,VARANASI,3,08:25,08:30,5,2026
17323,25,BNRS,BANARAS,3,08:45,,0,2030
17415,1,TPTY,TIRUPATI,1,,21:30,0,0
17415,2,RU,RENIGUNTA JN,1,21:53,21:55,2,10
17415,3,OBVP,OBULAVARIPALLI,1,22:29,22:30,1,64
17415,4,RJP,RAZAMPETA,1,22:48,22:50,2,84
17415,5,NRE,NANDALUR,1,22:58,23:00,2,95
17415,6,HX,CUDDAPAH,1,23:33,23:35,2,135
17415,7,YA,YERRAGUNTLA,2,00:03,00:05,2,175
17415,8,TU,TADIPATRI,2,00:53,00:55,2,242
17415,9,GY,GOOTY,2,01:48,01:50,2,290
17415,10,GTL,GUNTAKAL JN,2,02:40,02:50,10,319
17415,11,BAY,BALLARI JN.,2,04:15,04:20,5,367
17415,12,TNGL,TORANAGALLU,2,04:48,04:50,2,399
17415,13,HPT,HOSAPETE JUNCTION,2,05:25,05:30,5,432
17415,14,MRB,MUNIRABAD,2,05:38,05:39,1,438
17415,15,KBL,KOPPAL,2,05:58,06:00,2,460
17415,16,GDG,GADAG JN,2,06:58,07:00,2,517
17415,17,UBL,SSS HUBBALLI JN,2,08:10,08:20,10,575
17415,18,DWR,DHARWAR,2,08:53,08:55,2,595
17415,19,LWR,ALNAVAR JN,2,09:32,09:33,1,632
17415,20,LD,LONDA JN,2,10:15,10:17,2,665
17415,21,KNP,KHANAPUR,2,10:50,10:51,1,691
17415,22,BGM,BELAGAVI,2,11:25,11:30,5,716
17415,23,GPB,GHATPRABHA,2,12:29,12:30,1,774
17415,24,RBG,RAYBAG,2,12:57,12:58,1,803
17415,25,KUD,KUDACHI,2,13:15,13:16,1,820
17415,26,UGR,UGAR KHURD,2,13:25,13:26,1,827
17415,27,MRJ,MIRAJ JN.,2,15:00,15:10,10,853
17415,28,HTK,HATKANANGALE,2,15:38,15:40,2,880
17415,29,KOP,KOLHAPUR,2,16:35,,0,901
17428,1,NS,NARASAPUR,1,,15:50,0,0
17428,2,PKO,PALAKOLLU,1,16:03,16:05,2,9
17428,3,BVRM,BHIMAVARAM JN,1,16:23,16:25,2,29
17428,4,BVRT,BHIMAVARAM TOWN,1,16:33,16:35,2,31
17428,5,AKVD,AKIVIDU,1,16:43,16:45,2,49
17428,6,KKLR,KAIKOLUR,1,16:58,17:00,2,66
17428,7,GDV,GUDIVADA JN,1,17:43,17:45,2,95
17428,8,BZA,VIJAYAWADA JN,1,18:50,19:00,10,139
17428,9,TEL,TENALI JN,1,19:28,19:30,2,171
17428,10,CLX,CHIRALA,1,20:48,20:50,2,228
17428,11,OGL,ONGOLE,1,21:38,21:40,2,278
17428,12,NLR,NELLORE,1,23:08,23:10,2,394
17428,13,RU,RENIGUNTA JN,2,02:33,02:35,2,515
17428,14,TPTY,TIRUPATI,2,03:40,,0,525
17610,1,PAU,PURNA JN,1,,14:25,0,0
17610,2,NED,NANDED,1,14:53,14:58,5,30
17610,3,HEM,HIMAYATNAGAR,1,16:24,16:25,1,122
17610,4,SHSK,SAHARSRAKUND,1,16:39,16:40,1,137
17610,5,KNVT,KINWAT,1,17:04,17:05,1,181
17610,6,ADB,ADILABAD,1,18:35,18:40,5,226
17610,7,WANI,WANI,1,20:27,20:29,2,313
17610,8,MJRI,MAJRI JN,1,21:20,21:22,2,326
17610,9,WRR,WARORA,1,21:34,21:35,1,338
17610,10,NGP,NAGPUR JN.,2,00:20,00:25,5,487
17610,11,ET,ITARSI JN,2,05:00,05:10,10,782
17610,12,JBP,JABALPUR,2,08:25,08:35,10,1027
17610,13,KTE,KATNI,2,09:50,09:55,5,1118
17610,14,STA,SATNA,2,11:35,11:40,5,1216
17610,15,PCOI,PRAYAGRAJ CHHEOKI,2,15:43,15:45,2,1386
17610,16,DDU,PT.DEEN DAYAL UPADHYAYA JN.,2,19:33,19:40,7,1530
17610,17,BXR,BUXAR,2,20:49,20:51,2,1620
17610,18,ARA,ARA,2,21:58,22:00,2,1688
17610,19,PNBE,PATNA JN,2,23:15,,0,1737
17667,1,NED,NANDED,1,,21:15,0,0
17667,2,PAU,PURNA JN,1,21:55,22:15,20,30
17667,3,BMF,BASMAT,1,23:14,23:15,1,53
17667,4,HNL,HINGOLI DECCAN,2,00:24,00:25,1,111
17667,5,WHM,WASHIM,2,01:14,01:15,1,160
17667,6,AK,AKOLA JN.,2,03:35,03:40,5,239
17667,7,MKU,MALKAPUR,2,04:38,04:40,2,329
17667,8,BSL,BHUSAVAL JN,2,05:35,05:40,5,380
17667,9,MMR,MANMAD JN,2,08:10,08:12,2,564
17667,10,NK,NASIK ROAD,2,09:13,09:15,2,637
17667,11,IGP,IGATPURI,2,10:15,10:20,5,687
17667,12,KYN,KALYAN JN,2,12:01,12:04,3,771
17667,13,LTT,LOKMANYATILAK,2,13:00,,0,808
18261,1,BSP,BILASPUR JN.,1,,14:00,0,0
18261,2,BYT,BHATAPARA,1,14:40,14:42,2,46
18261,3,R,RAIPUR JN.,1,15:35,15:40,5,110
18261,4,DURG,DURG,1,16:25,16:30,5,146
18261,5,RJN,RAJNANDGAON,1,16:49,16:51,2,177
18261,6,DGG,DONGARGARH,1,17:12,17:14,2,208
18261,7,G,GONDIA JN,1,18:15,18:25,10,281
18261,8,WSA,WADSA,1,19:32,19:34,2,385
18261,9,CAF,CHANDA FORT,1,21:18,21:20,2,520
18261,10,BPQ,BALHARSHAH,1,22:05,22:15,10,531
18261,11,SKZR,SIRPUR KAGHAZNAGAR,1,22:59,23:00,1,601
18261,12,MCI,MANCHERAL,1,23:54,23:55,1,660
18261,13,KZJ,KAZIPET JN,2,01:38,01:40,2,766
18261,14,CHZ,CHARLAPALLI,2,03:08,03:10,2,885
18261,15,SC,SECUNDERABAD JN,2,05:55,06:05,10,896
18261,16,LPI,LINGAMPALLI,2,06:18,06:20,2,920
18261,17,VKB,VIKARABAD JN,2,07:03,07:05,2,969
18261,18,TDU,TANDUR,2,07:43,07:45,2,1010
18261,19,YG,YADGIR,2,09:13,09:15,2,1118
18261,20,KSN,KRISHNA,2,09:50,10:00,10,1161
18261,21,RC,RAICHUR,2,10:28,10:30,2,1186
18261,22,MALM,MANTHRALAYAM RD,2,10:53,10:55,2,1215
18261,23,GTL,GUNTAKAL JN,2,12:25,12:35,10,1308
18261,24,GY,GOOTY,2,13:03,13:05,2,1337
18261,25,ATP,ANANTAPUR,2,13:23,13:25,2,1394
18261,26,DMM,DHARMAVARAM JN,2,14:55,15:00,5,1427
18261,27,YNK,YELAHANKA JN.,2,19:00,,0,1589
18524,1,BNRS,BANARAS,1,,14:50,0,0
18524,2,BSB,VARANASI,1,15:10,15:15,5,4
18524,3,KEI,KASHI,1,15:35,15:36,1,9
18524,4,DDU,PT.DEEN DAYAL UPADHYAYA JN.,1,16:25,16:30,5,22
18524,5,BBU,BHABUA ROAD,1,17:20,17:22,2,75
18524,6,KTQ,KUDRA,1,17:38,17:40,2,97
18524,7,SSM,SASARAM,1,18:02,18:04,2,123
18524,8,DOS,DEHRI ON SONE,1,18:22,18:24,2,141
18524,9,ANH,ANKORAH AKORHA,1,18:48,18:50,2,162
18524,10,NBG,NABINAGAR ROAD,1,19:04,19:06,2,176
18524,11,JPL,JAPLA,1,19:24,19:26,2,192
18524,12,HDN,HAIDARNAGAR,1,19:34,19:36,2,199
18524,13,MDJ,MUHAMMADGANJ,1,19:46,19:48,2,211
18524,14,URD,UNTARE ROAD,1,19:59,20:01,2,223
18524,15,GHD,GARWA ROAD JN,1,21:15,21:20,5,239
18524,16,DTO,DALTONGANJ,1,21:47,21:49,2,272
18524,17,BRWD,BARWADIH JN,1,22:18,22:20,2,300
18524,18,LTHR,LATEHAR,1,22:51,22:53,2,340
18524,19,TORI,TORI,1,23:20,23:22,2,373
18524,20,KLRE,KHALARI,1,23:45,23:47,2,401
18524,21,PTRU,PATRATU,2,00:33,00:35,2,437
18524,22,BRKA,BARKA KANA,2,01:40,01:45,5,458
18524,23,RMT,RAMGARH CANTT,2,01:55,02:00,5,462
18524,24,MURI,MURI JN,2,02:45,02:50,5,516
18524,25,RNC,RANCHI,2,03:50,03:55,5,579
18524,26,HTE,HATIA,2,04:10,04:15,5,586
18524,27,PKF,POKLA,2,05:09,05:10,1,648
18524,28,BANO,BANO,2,05:39,05:40,1,679
18524,29,NXN,NUAGAON,2,06:39,06:40,1,722
18524,30,ROU,ROURKELA,2,07:22,07:30,8,752
18524,31,GP,RAJ GANGPUR,2,07:53,07:55,2,782
18524,32,JSG,JHARSUGUDA JN,2,09:15,09:20,5,853
18524,33,RGL,RENGALI,2,09:40,09:42,2,879
18524,34,SBP,SAMBALPUR JN.,2,10:15,10:25,10,902
18524,35,BRGA,BARGARH ROAD,2,11:05,11:07,2,944
18524,36,BLGR,BALANGIR,2,12:00,12:02,2,1020
18524,37,TIG,TITLAGARH,2,12:55,13:05,10,1083
18524,38,KSNG,KESINGA,2,13:25,13:27,2,1096
18524,39,MNGD,MUNIGUDA,2,14:35,14:37,2,1169
18524,40,RGDA,RAYAGADA,2,16:00,16:02,2,1223
18524,41,PVP,PARVATIPURAM,2,16:43,16:45,2,1269
18524,42,VBL,BOBBILI,2,17:08,17:10,2,1293
18524,43,VZM,VIZIANAGRAM JN,2,18:00,18:02,2,1347
18524,44,KTV,KOTTAVALASA,2,18:28,18:30,2,1382
18524,45,VSKP,VISAKHAPATNAM,2,19:45,,0,1408
18624,1,HTE,HATIA,1,,19:10,0,0
18624,2,RNC,RANCHI,1,19:25,19:35,10,7
18624,3,NKM,NAMKOM,1,19:43,19:45,2,11
18624,4,TIS,TATISILWAI,1,19:53,19:55,2,18
18624,5,SLF,SILLI,1,20:31,20:32,1,61
18624,6,MURI,MURI JN,1,20:45,20:50,5,67
18624,7,JAA,JHALIDA,1,21:09,21:10,1,79
18624,8,KSX,KOTSHILA,1,21:29,21:30,1,91
18624,9,PNW,PUNDAG,1,21:39,21:40,1,103
18624,10,BKSC,BOKARO STEEL CITY,1,22:00,22:05,5,120
18624,11,CRP,CHANDRAPURA,1,22:51,22:53,2,135
18624,12,GMO,NSC BOSE J GOMO,1,23:25,23:35,10,152
18624,13,PNME,PARASNATH,1,23:49,23:51,2,170
18624,14,CDB,CHAUDHRIBANDH,1,23:57,23:59,2,179
18624,15,CCK,CHICHAKI,2,00:05,00:07,2,187
18624,16,HZD,HAZARIBAGH RD,2,00:11,00:13,2,197
18624,17,KQR,KODERMA,2,00:41,00:44,3,245
18624,18,GJD,GUJHANDI,2,00:54,00:56,2,255
18624,19,PRP,PAHARPUR,2,01:40,01:42,2,289
18624,20,GAYA,GAYA JN,2,03:40,04:00,20,322
18624,21,MDE,MAKHDUMPUR GAYA,2,04:25,04:27,2,352
18624,22,THA,TEHTA,2,04:33,04:35,2,356
18624,23,JHD,JEHANABAD,2,04:45,04:50,5,369
18624,24,NDU,NADAUL,2,04:56,04:58,2,377
18624,25,TEA,TAREGNA,2,05:06,05:08,2,384
18624,26,NDW,NADWAN,2,05:16,05:18,2,390
18624,27,PNBE,PATNA JN,2,06:18,06:25,7,413
18624,28,RJPB,RAJENDRA NAGAR TERMINAL,2,06:33,06:35,2,416
18624,29,PNC,PATNA SAHEB,2,06:46,06:48,2,423
18624,30,FUT,FATUHA,2,07:10,07:12,2,435
18624,31,DNWH,DANIYAWAN BZR H,2,07:24,07:26,2,442
18624,32,DYW,DIYAWAN HALT,2,07:39,07:41,2,448
18624,33,HIL,HILSA,2,07:55,07:57,2,455
18624,34,EKR,EKANGARSARAI,2,08:09,08:11,2,466
18624,35,IPR,ISLAMPUR,2,09:15,,0,476
19018,1,VDG,VADNAGAR,1,,18:20,0,0
19018,2,MSH,MAHESANA JN,1,18:45,18:50,5,33
19018,3,ADI,AHMEDABAD JN,1,20:25,20:35,10,101
19018,4,MAN,MANINAGAR,1,20:53,20:55,2,104
19018,5,MHD,MAHEMADAVAD KHEDA ROAD,1,21:16,21:18,2,129
19018,6,ND,NADIAD JN,1,21:33,21:35,2,147
19018,7,ANND,ANAND JN,1,21:50,21:52,2,165
19018,8,BRC,VADODARA JN,1,22:30,22:35,5,201
19018,9,BH,BHARUCH JN,1,23:27,23:29,2,271
19018,10,KSB,KOSAMBA JN,1,23:57,23:59,2,299
19018,11,ST,SURAT,2,00:32,00:37,5,330
19018,12,NVS,NAVSARI,2,01:08,01:10,2,360
19018,13,BL,VALSAD,2,01:50,01:55,5,399
19018,14,VAPI,VAPI,2,02:13,02:15,2,425
19018,15,UBR,UMBARGAM ROAD,2,02:43,02:45,2,453
19018,16,PLG,PALGHAR,2,03:28,03:30,2,506
19018,17,SAH,SAPHALE,2,03:43,03:45,2,520
19018,18,BVI,BORIVALI,2,04:20,04:25,5,563
19018,19,ADH,ANDHERI,2,04:43,04:45,2,575
19018,20,BDTS,BANDRA TERMINUS,2,05:25,,0,582
19045,1,ST,SURAT,1,,10:10,0,0
19045,2,UDN,UDHNA JN,1,10:18,10:20,2,4
19045,3,VYA,VYARA,1,10:54,10:55,1,61
19045,4,NWU,NAVAPUR,1,11:28,11:30,2,103
19045,5,NDB,NANDURBAR,1,12:20,12:25,5,160
19045,6,DDE,DONDAICHA,1,12:58,13:00,2,195
19045,7,SNK,SINDKHEDA,1,13:18,13:20,2,214
19045,8,AN,AMALNER,1,13:58,14:00,2,255
19045,9,JL,JALGAON JN,1,15:10,15:15,5,311
19045,10,BSL,BHUSAVAL JN,1,15:40,15:45,5,335
19045,11,RV,RAVER,1,16:19,16:20,1,369
19045,12,BAU,BURHANPUR,1,16:35,16:37,2,390
19045,13,KNW,KHANDWA JUNCTION,1,17:43,17:45,2,458
19045,14,HD,HARDA,1,18:50,18:52,2,560
19045,15,ET,ITARSI JN,1,20:15,20:25,10,636
19045,16,PPI,PIPARIYA,1,21:13,21:15,2,703
19045,17,JBP,JABALPUR,1,23:49,23:59,10,881
19045,18,KTE,KATNI,2,01:10,01:15,5,972
19045,19,STA,SATNA,2,02:45,02:50,5,1070
19045,20,MKP,MANIKPUR JN,2,04:38,04:40,2,1148
19045,21,SRJ,SHANKARGARH,2,05:39,05:40,1,1203
19045,22,PCOI,PRAYAGRAJ CHHEOKI,2,06:35,06:40,5,1240
19045,23,BDL,VINDHYACHAL,2,07:33,07:35,2,1313
19045,24,MZP,MIRZAPUR,2,07:45,07:50,5,1320
19045,25,CAR,CHUNAR,2,08:20,08:22,2,1352
19045,26,KEI,KASHI,2,10:22,10:23,1,1390
19045,27,BSB,VARANASI,2,10:40,10:50,10,1395
19045,28,JNU,JAUNPUR JN,2,11:48,11:50,2,1453
19045,29,SHG,SHAHGANJ JN,2,13:00,13:05,5,1486
19045,30,AMH,AZAMGARH,2,13:55,14:00,5,1543
19045,31,MMA,MUHAMMADABAD,2,14:17,14:19,2,1564
19045,32,MAU,MAU JN,2,14:45,14:50,5,1586
19045,33,RSR,RASRA,2,15:23,15:25,2,1622
19045,34,BUI,BALLIA,2,16:05,16:10,5,1655
19045,35,SIP,SURAIMANPUR,2,16:48,16:50,2,1691
19045,36,CPR,CHHAPRA,2,17:58,18:08,10,1720
19045,37,MHC,MASRAKH,2,18:55,18:57,2,1757
19045,38,DWDI,DIGHWA DUBAULI,2,19:20,19:22,2,1776
19045,39,GOPG,GOPALGANJ,2,20:18,20:20,2,1816
19045,40,THE,THAWE JN,2,20:55,,0,1821
19106,1,BSL,BHUSAVAL JN,1,,22:15,0,0
19106,2,BDI,BHADLI,1,22:28,22:29,1,13
19106,3,JL,JALGAON JN,1,22:40,22:43,3,24
19106,4,PLD,PALDHI,1,23:10,23:12,2,36
19106,5,CHLK,CHAVALKHEDE,1,23:19,23:20,1,47
19106,6,DXG,DHARANGAON,1,23:28,23:30,2,55
19106,7,TKHE,TAKARKHEDE,1,23:54,23:56,2,68
19106,8,AN,AMALNER,2,00:18,00:20,2,80
19106,9,BRTK,BHORTEX,2,00:29,00:30,1,87
19106,10,PDP,PADSE,2,00:39,00:40,1,95
19106,11,BEW,BETAVAD,2,00:44,00:45,1,101
19106,12,NDN,NARDANA,2,00:59,01:00,1,108
19106,13,HOL,HOL,2,01:04,01:05,1,113
19106,14,SNK,SINDKHEDA,2,01:14,01:15,1,121
19106,15,VKH,VIKHRAN,2,01:24,01:25,1,132
19106,16,DDE,DONDAICHA,2,01:34,01:35,1,140
19106,17,RNL,RANALA,2,01:44,01:45,1,152
19106,18,TISI,TISI,2,01:59,02:00,1,162
19106,19,CUE,CHOUPALE,2,02:08,02:10,2,170
19106,20,NDB,NANDURBAR,2,02:25,02:30,5,175
19106,21,DWD,DHEKVAD,2,02:43,02:44,1,184
19106,22,KBH,KHANDBAARA,2,03:18,03:20,2,198
19106,23,KHTG,KHATGAON,2,03:44,03:45,1,206
19106,24,CPD,CHINCHPADA,2,03:59,04:00,1,216
19106,25,KFF,KOLDA,2,04:14,04:15,1,222
19106,26,NWU,NAVAPUR,2,04:28,04:30,2,232
19106,27,BBAI,BHADBHUNJA,2,04:39,04:40,1,243
19106,28,LKKD,LAKKAD KOT,2,04:49,04:50,1,248
19106,29,USD,UKAI SONGADH,2,04:58,05:00,2,256
19106,30,KKRD,KIKAKUI ROAD,2,05:09,05:10,1,263
19106,31,VYA,VYARA,2,05:19,05:20,1,274
19106,32,MID,MADHI,2,05:38,05:40,2,289
19106,33,BIY,BARDOLI,2,06:09,06:10,1,304
19106,34,GGAR,GANGADHRA,2,06:14,06:15,1,310
19106,35,CHM,CHALTHAN,2,06:29,06:30,1,320
19106,36,UDN,UDHNA JN,2,07:15,,0,331
19409,1,SBIB,SABARMATI BG,1,,10:35,0,0
19409,2,MSH,MAHESANA JN,1,11:18,11:20,2,62
19409,3,PNU,PALANPUR JN,1,12:45,12:50,5,127
19409,4,ABR,ABU ROAD,1,13:30,13:40,10,180
19409,5,PDWA,PINDWARA,1,14:13,14:15,2,224
19409,6,FA,FALNA,1,14:56,14:58,2,279
19409,7,AII,AJMER JN,1,18:05,18:15,10,485
19409,8,KSG,KISHANGARH,1,18:42,18:44,2,510
19409,9,JP,JAIPUR JN.,1,20:35,20:45,10,619
19409,10,GADJ,GANDHINAGAR JAIPUR,1,20:56,20:59,3,625
19409,11,DO,DAUSA JUNCTION,1,21:35,21:37,2,681
19409,12,BKI,BANDIKUI JN,1,22:23,22:25,2,709
19409,13,BTE,BHARATPUR JN,1,23:40,23:45,5,806
19409,14,MTJ,MATHURA JN.,2,01:10,01:20,10,868
19409,15,HTC,HATHRAS CITY,2,02:26,02:28,2,910
19409,16,SKA,SIKANDRA RAO,2,02:56,02:58,2,944
19409,17,KSJ,KASGANJ,2,03:20,03:30,10,973
19409,18,GWA,GANJ DUNDWARA,2,04:08,04:10,2,1005
19409,19,FBD,FARRUKHABAD,2,05:23,05:28,5,1081
19409,20,KJN,KANNAUJ,2,06:38,06:40,2,1139
19409,21,BLU,BILHAUR,2,07:13,07:15,2,1165
19409,22,CPA,KANPUR ANWRGANJ,2,08:20,08:22,2,1217
19409,23,CNB,KANPUR CENTRAL,2,08:55,09:00,5,1219
19409,24,LKO,LUCKNOW JN.,2,11:00,11:10,10,1293
19409,25,BBK,BARABANKI JN,2,12:16,12:18,2,1321
19409,26,GD,GONDA JN,2,13:45,13:55,10,1410
19409,27,BV,BABHNAN,2,14:36,14:38,2,1468
19409,28,BST,BASTI,2,15:10,15:13,3,1499
19409,29,KLD,KHALILABAD,2,15:34,15:36,2,1529
19409,30,GKP,GORAKHPUR JN,2,16:45,,0,1563
19607,1,KOAA,KOLKATTA TERMINAL,1,,11:25,0,0
19607,2,NH,NAIHATI JN,1,12:15,12:17,2,34
19607,3,BDC,BANDEL,1,12:45,12:47,2,43
19607,4,BWN,BARDHAMAN,1,13:50,13:52,2,111
19607,5,DGR,DURGAPUR,1,14:45,14:47,2,174
19607,6,RNG,RANIGANJ,1,15:08,15:10,2,198
19607,7,ASN,ASANSOL JN.,1,15:27,15:32,5,216
19607,8,DHN,DHANBAD JN,1,17:15,17:20,5,273
19607,9,KTH,KATRASGARH,1,17:45,17:47,2,287
19607,10,CRP,CHANDRAPURA,1,18:30,18:32,2,308
19607,11,PUS,PHUSRO,1,18:45,18:47,2,319
19607,12,BKRO,BOKARO THERMAL,1,19:02,19:04,2,334
19607,13,BRKA,BARKA KANA,1,20:02,20:22,20,394
19607,14,DTO,DALTONGANJ,1,22:51,22:53,2,579
19607,15,GHD,GARWA ROAD JN,1,23:50,23:55,5,612
19607,16,RNQ,RENUKUT,2,01:16,01:18,2,712
19607,17,CPU,CHOPAN,2,02:10,02:30,20,754
19607,18,SGRL,SINGRAULI,2,04:52,04:57,5,816
19607,19,BRGW,BARGAWAN,2,05:33,05:35,2,836
19607,20,BEHR,BEOHARI,2,07:35,07:40,5,965
19607,21,KMZ,KATNI MURWARA JUNCTION,2,10:40,10:50,10,1079
19607,22,DMO,DAMOH,2,12:08,12:10,2,1188
19607,23,SGO,SAUGOR,2,13:15,13:20,5,1265
19607,24,MNV,MUNGAOLI,2,16:18,16:20,2,1364
19607,25,ASKN,ASHOK NAGAR,2,16:53,16:55,2,1409
19607,26,GUNA,GUNA,2,17:50,18:00,10,1453
19607,27,BAZ,BARAN,2,19:53,19:55,2,1571
19607,28,SGAC,SOGARIYA,2,21:05,21:15,10,1634
19607,29,BUDI,BUNDI,2,21:58,22:00,2,1673
19607,30,CNA,CHANDERIA,3,01:15,01:30,15,1799
19607,31,BHL,BHILWARA,3,02:10,02:15,5,1845
19607,32,AII,AJMER JN,3,04:20,04:30,10,1977
19607,33,MDJN,MADAR JN,3,05:00,,0,1984
19626,1,BDTS,BANDRA TERMINUS,1,,08:35,0,0
19626,2,BVI,BORIVALI,1,09:13,09:16,3,19
19626,3,VAPI,VAPI,1,11:18,11:20,2,157
19626,4,BL,VALSAD,1,11:40,11:42,2,183
19626,5,ST,SURAT,1,13:50,13:55,5,252
19626,6,BRC,VADODARA JN,1,15:38,15:48,10,381
19626,7,RTM,RATLAM JN,1,21:05,21:15,10,638
19626,8,VMA,VIKRAMGARH ALOT,1,22:23,22:25,2,718
19626,9,BWM,BHAWANI MANDI,1,23:23,23:25,2,803
19626,10,RMA,RAMGANJ MANDI JUNCTION,1,23:48,23:50,2,831
19626,11,KOTA,KOTA JN,2,00:55,01:05,10,903
19626,12,SWM,SAWAI MADHOPUR JN,2,03:25,03:45,20,1011
19626,13,JP,JAIPUR JN.,2,06:20,06:30,10,1143
19626,14,KSG,KISHANGARH,2,08:01,08:03,2,1252
19626,15,AII,AJMER JN,2,09:00,09:10,10,1277
19626,16,DOZ,DAURAI,2,09:40,,0,1284
19807,1,KOTA,KOTA JN,1,,23:45,0,0
19807,2,KPZ,KAPREN,2,00:11,00:13,2,33
19807,3,LKE,LAKHERI,2,00:33,00:35,2,61
19807,4,IDG,INDARGARH,2,00:48,00:50,2,71
19807,5,SWM,SAWAI MADHOPUR JN,2,02:00,02:20,20,108
19807,6,CKB,CHAUTH KA BARWARA,2,02:40,02:42,2,130
19807,7,ISA,ISARDA,2,02:56,02:58,2,147
19807,8,BNLW,BANASTHALI NIWAI,2,03:17,03:19,2,173
19807,9,SNGN,SANGANER,2,03:58,04:00,2,227
19807,10,DPA,DURGAPURA,2,04:10,04:13,3,232
19807,11,JP,JAIPUR JN.,2,04:45,04:55,10,239
19807,12,DKBJ,DAHAR KA BALAJI,2,05:11,05:13,2,243
19807,13,COM,CHOMUN SAMOD,2,05:33,05:35,2,268
19807,14,RGS,RINGAS JN,2,05:57,06:00,3,296
19807,15,PLSN,PALSANA,2,06:20,06:22,2,319
19807,16,SIKR,SIKAR JN,2,06:50,06:55,5,346
19807,17,NWH,NAWALGARH,2,07:21,07:23,2,374
19807,18,DOB,DUNDLOD MUKANDGARH,2,07:34,07:36,2,384
19807,19,JJN,JHUNJHUNU,2,07:56,07:58,2,411
19807,20,CRWA,CHIRAWA,2,08:19,08:21,2,440
19807,21,SRGH,SURAJGARH,2,08:32,08:34,2,451
19807,22,LHU,LOHARU,2,09:10,09:13,3,468
19807,23,SDLP,SADULPUR JN,2,10:00,10:25,25,518
19807,24,SWNI,SIWANI,2,10:57,10:59,2,558
19807,25,HSR,HISAR,2,11:25,11:35,10,589
19807,26,ADR,MANDI ADAMPUR,2,11:56,11:58,2,618
19807,27,BHT,BHATTU,2,12:14,12:16,2,635
19807,28,SSA,SIRSA,2,13:20,,0,670
19818,1,JAB,YAMUNA BRIDGE JN,1,,20:05,0,0
19818,2,AF,AGRA FORT,1,20:20,20:25,5,2
19818,3,IDH,IDGAH AGRA JN,1,20:38,20:40,2,4
19818,4,PTLI,PATHAULI,1,20:52,20:53,1,12
19818,5,MIQ,MIRHAKUR,1,21:00,21:01,1,18
19818,6,KLB,KIRAOLI,1,21:09,21:10,1,26
19818,7,SNPR,SINGARPUR,1,21:17,21:18,1,32
19818,8,FTS,FATEHPUR SIKRI,1,21:24,21:26,2,38
19818,9,AED,AULENDA,1,21:35,21:36,1,47
19818,10,RBS,RUPBAS,1,21:43,21:44,1,52
19818,11,DXK,DHANA KHERLI,1,21:51,21:52,1,60
19818,12,BIQ,BANSI PAHARPUR,1,21:58,21:59,1,65
19818,13,NGLT,NAGLATULA,1,22:07,22:08,1,72
19818,14,BR,BANDH BARETA,1,22:15,22:16,1,77
19818,15,BAMA,BIRAMBAD,1,22:22,22:23,1,82
19818,16,BXN,BAYANA JN,1,22:38,22:40,2,86
19818,17,FSP,FATEH SINGHPURA,1,22:59,23:00,1,106
19818,18,HAN,HINDAUN CITY,1,23:15,23:20,5,119
19818,19,SMVJ,SHRI MAHAVEERJI,1,23:30,23:32,2,129
19818,20,KNDP,KHANDIP,1,23:39,23:40,1,137
19818,21,PDZ,PILODA,1,23:49,23:50,1,143
19818,22,GGC,GANGAPUR CITY JUNCTION,2,00:10,00:20,10,164
19818,23,LRU,LALPUR UMRI,2,00:29,00:30,1,170
19818,24,NNW,NARAYANPUR TATWARA,2,00:38,00:40,2,180
19818,25,NMD,NOMODA,2,00:49,00:50,1,190
19818,26,MLZ,MALARNA,2,01:08,01:10,2,197
19818,27,MXL,MOKHOLI,2,01:19,01:20,1,208
19818,28,RNT,RANTHAMBHORE,2,01:29,01:30,1,217
19818,29,SWM,SAWAI MADHOPUR JN,2,01:50,01:55,5,227
19818,30,RWJ,RAWANIA DUNGAR,2,02:14,02:15,1,243
19818,31,AMLI,AMLI,2,02:24,02:25,1,251
19818,32,IDG,INDARGARH,2,02:43,02:45,2,263
19818,33,LKE,LAKHERI,2,02:58,03:00,2,274
19818,34,LBN,LABAN,2,03:09,03:10,1,282
19818,35,KPZ,KAPREN,2,03:29,03:30,1,302
19818,36,ARE,ARNETHA,2,03:39,03:40,1,311
19818,37,KPTN,KESHORAI PATAN,2,04:14,04:15,1,322
19818,38,KOTA,KOTA JN,2,05:35,05:55,20,335
19818,39,THEA,THALERA,2,06:19,06:20,1,359
19818,40,BUDI,BUNDI,2,06:35,06:40,5,373
19818,41,SNAR,SRINAGAR,2,06:49,06:50,1,383
19818,42,JNRI,JALANDARI,2,07:19,07:20,1,407
19818,43,URML,UPRAMAL,2,07:29,07:30,1,413
19818,44,SMPA,SHYAMPURA,2,07:38,07:40,2,420
19818,45,MLGH,MANDAL GARH,2,08:13,08:15,2,441
19818,46,BNDI,BARUNDINI,2,08:29,08:30,1,456
19818,47,PSLI,PARSOLI,2,08:58,09:00,2,464
19818,48,BSSL,BASI BERIASAL,2,09:18,09:20,2,478
19818,49,CNA,CHANDERIA,2,10:25,10:27,2,497
19818,50,COR,CHITTAURGARH JN,2,10:50,11:00,10,505
19818,51,SMP,SHAMBHUPURA,2,11:12,11:13,1,516
19818,52,GRF,GAMBHIRI ROAD,2,11:23,11:24,1,525
19818,53,NBH,NIMBAHERA,2,11:33,11:35,2,534
19818,54,JWO,JAWAD ROAD,2,11:46,11:48,2,544
19818,55,BIWK,BISALWAS KALAN,2,11:52,11:53,1,551
19818,56,NMH,NIMACH,2,12:10,12:15,5,560
19818,57,HKL,HARKIA KHAL,2,12:33,12:34,1,574
19818,58,MLG,MALHARGARH,2,12:40,12:41,1,586
19818,59,PIP,PIPLIA,2,12:55,12:56,1,593
19818,60,MDS,MANDASOR,2,13:06,13:11,5,609
19818,61,DLD,DALAUDA,2,13:29,13:30,1,624
19818,62,KHNR,KACHNARA,2,13:45,13:46,1,636
19818,63,DOD,DHODHAR,2,13:54,13:55,1,644
19818,64,JAO,JAORA,2,14:10,14:12,2,660
19818,65,NLI,NAMLI,2,14:32,14:33,1,680
19818,66,RTM,RATLAM JN,2,15:20,,0,693
20102,1,SC,SECUNDERABAD JN,1,,13:00,0,0
20102,2,KZJ,KAZIPET JN,1,14:28,14:30,2,131
20102,3,RDM,RAMGUNDAM,1,15:29,15:30,1,228
20102,4,MCI,MANCHERAL,1,15:44,15:45,1,242
20102,5,SKZR,SIRPUR KAGHAZNAGAR,1,16:24,16:25,1,301
20102,6,BPQ,BALHARSHAH,1,17:25,17:30,5,371
20102,7,CD,CHANDRAPUR,1,17:43,17:45,2,384
20102,8,SEGM,SEVAGRAM,1,19:03,19:05,2,503
20102,9,NGP,NAGPUR JN.,1,20:20,,0,579
20174,1,REWA,REWA,1,,05:20,0,0
20174,2,STA,SATNA,1,06:00,06:05,5,49
20174,3,MYR,MAIHAR,1,06:30,06:32,2,84
20174,4,KTE,KATNI,1,07:18,07:20,2,147
20174,5,JBP,JABALPUR,1,08:25,08:35,10,238
20174,6,NU,NARSINGHPUR,1,09:30,09:32,2,322
20174,7,PPI,PIPARIYA,1,10:28,10:30,2,416
20174,8,ET,ITARSI JN,1,11:50,12:00,10,483
20174,9,NDPM,NARMADAPURAM,1,12:18,12:20,2,501
20174,10,RKMP,RANI KAMALAPATI,1,13:30,,0,569
20175,1,BNRS,BANARAS,1,,15:20,0,0
20175,2,PRYJ,PRAYAGRAJ JN,1,16:45,16:50,5,121
20175,3,CNB,KANPUR CENTRAL,1,18:47,18:52,5,315
20175,4,ETW,ETAWAH JN,1,20:07,20:09,2,454
20175,5,TDL,TUNDLA JN,1,21:17,21:19,2,546
20175,6,AGC,AGRA CANTT JN,1,22:20,,0,575
20402,1,LKO,LUCKNOW JN.,1,,18:00,0,0
20402,2,NHH,NIHALGARH,1,19:06,19:08,2,89
20402,3,MFKA,MUSAFIR KHANA,1,19:23,19:24,1,108
20402,4,SLN,SULTANPUR,1,19:48,19:50,2,140
20402,5,LBA,LAMBHUA,1,20:09,20:10,1,162
20402,6,SKN,SRIKRISHN NAGAR,1,20:34,20:35,1,198
20402,7,SVZ,SARAI HARKHU,1,20:42,20:43,1,206
20402,8,JOP,JAUNPUR CITY,1,20:56,20:58,2,226
20402,9,JLL,JALALGANJ,1,21:22,21:23,1,244
20402,10,PDRD,PINDRA ROAD,1,21:38,21:39,1,260
20402,11,SOP,SHIUPUR,1,22:09,22:10,1,277
20402,12,BSB,VARANASI,1,22:40,,0,283
20404,1,LGH,LALGARH JN,1,,04:50,0,0
20404,2,BKN,BIKANER JN,1,05:00,05:10,10,4
20404,3,NPS,NAPASAR,1,05:31,05:33,2,30
20404,4,SDF,SUDSAR,1,05:52,05:54,2,53
20404,5,SDGH,SRI DUNGARGARH,1,06:12,06:14,2,77
20404,6,RJR,RAJALDESAR,1,06:47,06:49,2,124
20404,7,RTGH,RATANGARH JN,1,07:20,07:25,5,141
20404,8,CUR,CHURU,1,08:05,08:15,10,184
20404,9,SDLP,SADULPUR JN,1,09:00,09:05,5,242
20404,10,LHU,LOHARU,1,10:30,10:35,5,292
20404,11,CRWA,CHIRAWA,1,11:05,11:07,2,320
20404,12,JJN,JHUNJHUNU,1,11:28,11:30,2,349
20404,13,NWH,NAWALGARH,1,12:00,12:02,2,386
20404,14,SIKR,SIKAR JN,1,12:25,12:30,5,413
20404,15,RGS,RINGAS JN,1,13:10,13:13,3,464
20404,16,JP,JAIPUR JN.,1,14:35,14:45,10,521
20404,17,GADJ,GANDHINAGAR JAIPUR,1,14:56,14:59,3,526
20404,18,KWP,KHATIPURA,1,15:10,15:12,2,538
20404,19,DO,DAUSA JUNCTION,1,15:41,15:43,2,582
20404,20,BKI,BANDIKUI JN,1,16:05,16:07,2,611
20404,21,RHG,RAJGARH,1,16:28,16:30,2,636
20404,22,AWR,ALWAR JUNCTION,1,17:20,17:23,3,672
20404,23,RAH,RAMGARH,1,18:08,18:10,2,697
20404,24,GVH,GOVIND GARH,1,18:19,18:21,2,717
20404,25,BINR,BRIJ NAGAR,1,18:27,18:29,2,730
20404,26,DEEG,DEEG,1,18:49,18:51,2,754
20404,27,GDO,GOVERDHAN,1,19:06,19:08,2,769
20404,28,MTJ,MATHURA JN.,1,19:50,19:55,5,795
20404,29,AGC,AGRA CANTT JN,1,21:00,21:05,5,848
20404,30,FAB,FATEHABAD,1,21:51,21:53,2,894
20404,31,ETW,ETAWAH JN,1,23:33,23:35,2,984
20404,32,CNB,KANPUR CENTRAL,2,01:30,01:35,5,1124
20404,33,FTP,FATEHPUR,2,02:40,02:42,2,1201
20404,34,SRO,SIRATHU,2,03:25,03:27,2,1261
20404,35,PRYJ,PRAYAGRAJ JN,2,04:50,,0,1318
20407,1,RNC,RANCHI,1,,18:25,0,0
20407,2,LAD,LOHARDAGA  BS,1,19:15,19:17,2,66
20407,3,DTO,DALTONGANJ,1,21:39,21:41,2,210
20407,4,GHD,GARWA ROAD JN,1,22:45,22:50,5,244
20407,5,DDU,PT.DEEN DAYAL UPADHYAYA JN.,2,01:33,01:40,7,461
20407,6,PRYJ,PRAYAGRAJ JN,2,03:33,03:35,2,614
20407,7,CNB,KANPUR CENTRAL,2,05:35,05:40,5,808
20407,8,NDLS,NEW DELHI,2,11:10,,0,1249
20411,1,DLI,DELHI JN.,1,,09:40,0,0
20411,2,GZB,GHAZIABAD,1,10:16,10:18,2,20
20411,3,MTC,MEERUT CITY,1,10:56,10:58,2,67
20411,4,MOZ,MUZAFFARNAGAR,1,11:39,11:41,2,123
20411,5,DBD,DEOBAND,1,11:59,12:00,1,147
20411,6,SRE,SAHARANPUR JN.,1,12:55,,0,181
20416,1,INDB,INDORE JN,1,,10:15,0,0
20416,2,UJN,UJJAIN JN,1,11:15,11:25,10,62
20416,3,SHRN,SANT HIRDARAM NAGAR JUNCTION,1,14:10,14:15,5,235
20416,4,BINA,BINA JN,1,16:18,16:20,2,384
20416,5,VGLJ,VIRANGANA LAKSHMIBAI JHANSI JN,1,18:10,18:18,8,535
20416,6,ORAI,ORAI,1,19:33,19:35,2,649
20416,7,GOY,GOVINDPURI,1,21:15,21:20,5,751
20416,8,FTP,FATEHPUR,1,22:15,22:17,2,832
20416,9,PRYJ,PRAYAGRAJ JN,2,00:40,00:50,10,949
20416,10,BSB,VARANASI,2,03:40,,0,1083
20501,1,AGTL,AGARTALA,1,,15:00,0,0
20501,2,ABSA,AMBASA,1,16:08,16:10,2,67
20501,3,DMR,DHARMANAGAR,1,17:38,17:40,2,140
20501,4,NKMG,NEW KARIMGANJ,1,18:50,18:52,2,205
20501,5,BPB,BADARPUR JN.,1,19:15,19:25,10,226
20501,6,NHLG,NEW HAFLONG,1,21:15,21:17,2,297
20501,7,MBG,MAIBANG,1,22:28,22:30,2,331
20501,8,HJI,HOJAI,2,00:35,00:37,2,431
20501,9,GHY,GUWAHATI,2,03:50,04:05,15,567
20501,10,RNY,RANGIYA JN.,2,05:03,05:05,2,614
20501,11,BPRD,BARPETA ROAD,2,05:58,06:00,2,679
20501,12,NCB,NEW COOCH BEHAR,2,08:43,08:45,2,851
20501,13,NJP,NEW JALPAIGURI,2,10:40,10:50,10,978
20501,14,KNE,KISHANGANJ,2,12:00,12:02,2,1065
20501,15,MLDT,MALDA TOWN,2,15:00,15:10,10,1210
20501,16,SBG,SAHIBGANJ JN,2,17:03,17:05,2,1314
20501,17,BGP,BHAGALPUR,2,18:20,18:25,5,1389
20501,18,JMP,JAMALPUR JN,2,19:16,19:21,5,1442
20501,19,PNBE,PATNA JN,2,21:58,22:05,7,1610
20501,20,DDU,PT.DEEN DAYAL UPADHYAYA JN.,3,01:23,01:30,7,1818
20501,21,CNB,KANPUR CENTRAL,3,05:25,05:30,5,2165
20501,22,ANVT,ANAND VIHAR TERMINAL,3,10:50,,0,2593
20502,1,ANVT,ANAND VIHAR TERMINAL,1,,19:50,0,0
20502,2,CNB,KANPUR CENTRAL,2,00:35,00:40,5,428
20502,3,DDU,PT.DEEN DAYAL UPADHYAYA JN.,2,04:38,04:45,7,775
20502,4,PNBE,PATNA JN,2,08:03,08:10,7,982
20502,5,JMP,JAMALPUR JN,2,11:05,11:10,5,1150
20502,6,BGP,BHAGALPUR,2,12:06,12:11,5,1203
20502,7,SBG,SAHIBGANJ JN,2,13:46,13:48,2,1278
20502,8,MLDT,MALDA TOWN,2,16:15,16:25,10,1382
20502,9,KNE,KISHANGANJ,2,18:08,18:10,2,1527
20502,10,NJP,NEW JALPAIGURI,2,19:35,19:45,10,1615
20502,11,NCB,NEW COOCH BEHAR,2,21:48,21:50,2,1741
20502,12,BPRD,BARPETA ROAD,3,00:45,00:47,2,1913
20502,13,RNY,RANGIYA JN.,3,01:35,01:37,2,1978
20502,14,GHY,GUWAHATI,3,03:10,03:25,15,2026
20502,15,HJI,HOJAI,3,05:14,05:16,2,2162
20502,16,MBG,MAIBANG,3,07:40,07:42,2,2261
20502,17,NHLG,NEW HAFLONG,3,08:45,08:47,2,2295
20502,18,BPB,BADARPUR JN.,3,11:00,11:10,10,2366
20502,19,NKMG,NEW KARIMGANJ,3,11:35,11:37,2,2387
20502,20,DMR,DHARMANAGAR,3,12:48,12:50,2,2452
20502,21,ABSA,AMBASA,3,14:23,14:25,2,2525
20502,22,AGTL,AGARTALA,3,16:25,,0,2592
20503,1,DBRG,DIBRUGARH,1,,19:40,0,0
20503,2,MRHT,MORANHAT,1,20:15,20:17,2,42
20503,3,SRTN,SIBSAGAR TOWN,1,20:50,20:52,2,80
20503,4,SLGR,SIMALUGURI JN,1,21:02,21:04,2,96
20503,5,MXN,MARIANI JN,1,21:50,21:55,5,150
20503,6,DMV,DIMAPUR,2,00:15,00:22,7,258
20503,7,DPU,DIPHU,2,00:55,00:57,2,295
20503,8,LMG,LUMDING JN,2,01:40,01:45,5,327
20503,9,GHY,GUWAHATI,2,05:10,05:30,20,508
20503,10,NBQ,NEW BONGAIGAON,2,08:00,08:10,10,665
20503,11,KOJ,KOKRAJHAR,2,08:43,08:45,2,696
20503,12,NOQ,NEW ALIPURDUAR,2,09:30,09:32,2,774
20503,13,NCB,NEW COOCH BEHAR,2,09:55,09:57,2,793
20503,14,NJP,NEW JALPAIGURI,2,12:05,12:15,10,919
20503,15,KNE,KISHANGANJ,2,13:20,13:22,2,1006
20503,16,KIR,KATIHAR JN,2,15:10,15:20,10,1104
20503,17,SPJ,SAMASTIPUR JN,2,18:35,18:40,5,1314
20503,18,MFP,MUZAFFARPUR JN,2,19:30,19:40,10,1365
20503,19,HJP,HAJIPUR JN,2,20:30,20:35,5,1419
20503,20,CPR,CHHAPRA,2,21:55,22:00,5,1478
20503,21,BUI,BALLIA,2,22:55,23:00,5,1543
20503,22,BSB,VARANASI,3,01:30,01:40,10,1684
20503,23,LKO,LUCKNOW JN.,3,05:45,05:55,10,1985
20503,24,BE,BAREILLY(NR),3,09:10,09:15,5,2220
20503,25,MB,MORADABAD,3,10:45,10:55,10,2311
20503,26,NDLS,NEW DELHI,3,13:38,,0,2477
20504,1,NDLS,NEW DELHI,1,,11:25,0,0
20504,2,MB,MORADABAD,1,14:03,14:11,8,167
20504,3,BE,BAREILLY(NR),1,15:22,15:25,3,257
20504,4,LKO,LUCKNOW JN.,1,18:40,18:50,10,492
20504,5,BSB,VARANASI,1,22:50,23:00,10,793
20504,6,BUI,BALLIA,2,00:50,00:55,5,934
20504,7,CPR,CHHAPRA,2,02:07,02:12,5,999
20504,8,HJP,HAJIPUR JN,2,03:17,03:22,5,1058
20504,9,MFP,MUZAFFARPUR JN,2,04:00,04:10,10,1112
20504,10,SPJ,SAMASTIPUR JN,2,05:05,05:10,5,1163
20504,11,KIR,KATIHAR JN,2,08:35,08:45,10,1373
20504,12,KNE,KISHANGANJ,2,09:58,10:00,2,1471
20504,13,NJP,NEW JALPAIGURI,2,11:25,11:35,10,1558
20504,14,NCB,NEW COOCH BEHAR,2,13:35,13:37,2,1684
20504,15,NOQ,NEW ALIPURDUAR,2,13:58,14:00,2,1703
20504,16,KOJ,KOKRAJHAR,2,14:48,14:50,2,1781
20504,17,NBQ,NEW BONGAIGAON,2,15:25,15:35,10,1812
20504,18,GHY,GUWAHATI,2,18:15,18:35,20,1969
20504,19,LMG,LUMDING JN,2,21:20,21:25,5,2150
20504,20,DPU,DIPHU,2,21:58,22:00,2,2182
20504,21,DMV,DIMAPUR,2,22:38,22:45,7,2219
20504,22,MXN,MARIANI JN,3,01:40,01:45,5,2327
20504,23,SLGR,SIMALUGURI JN,3,02:33,02:35,2,2381
20504,24,SRTN,SIBSAGAR TOWN,3,02:51,02:53,2,2397
20504,25,MRHT,MORANHAT,3,03:20,03:22,2,2435
20504,26,DBRG,DIBRUGARH,3,05:00,,0,2477
20505,1,DBRG,DIBRUGARH,1,,21:45,0,0
20505,2,DMC,DHEMAJI,1,22:32,22:34,2,62
20505,3,NLP,NORTH LAKHIMPUR,2,00:08,00:13,5,131
20505,4,HMY,HARMUTI,2,00:48,00:53,5,161
20505,5,TBH,TATIBAHAR,2,01:08,01:10,2,179
20505,6,VNE,VISHWANATH CHARIALI,2,01:48,01:50,2,264
20505,7,RPAN,RANGAPARA NORTH,2,02:50,03:00,10,315
20505,8,NMM,NEW MISAMARI,2,03:14,03:16,2,325
20505,9,ULG,UDALGURI,2,03:40,03:42,2,377
20505,10,TNL,TANGLA,2,04:10,04:12,2,399
20505,11,RNY,RANGIYA JN.,2,05:40,05:50,10,438
20505,12,NBQ,NEW BONGAIGAON,2,08:00,08:10,10,547
20505,13,KOJ,KOKRAJHAR,2,08:43,08:45,2,578
20505,14,NOQ,NEW ALIPURDUAR,2,09:30,09:32,2,657
20505,15,NCB,NEW COOCH BEHAR,2,09:55,10:00,5,675
20505,16,NJP,NEW JALPAIGURI,2,12:05,12:15,10,801
20505,17,KNE,KISHANGANJ,2,13:20,13:22,2,889
20505,18,KIR,KATIHAR JN,2,15:10,15:20,10,987
20505,19,BGS,BEGUSARAI,2,17:48,17:50,2,1151
20505,20,BJU,BARAUNI JN,2,18:25,18:35,10,1166
20505,21,HJP,HAJIPUR JN,2,20:30,20:35,5,1254
20505,22,CPR,CHHAPRA,2,21:55,22:00,5,1313
20505,23,BUI,BALLIA,2,22:55,23:00,5,1378
20505,24,BSB,VARANASI,3,01:30,01:40,10,1519
20505,25,LKO,LUCKNOW JN.,3,05:45,05:55,10,1820
20505,26,BE,BAREILLY(NR),3,09:10,09:15,5,2055
20505,27,MB,MORADABAD,3,10:45,10:55,10,2145
20505,28,NDLS,NEW DELHI,3,13:38,,0,2312
20508,1,ANVT,ANAND VIHAR TERMINAL,1,,19:50,0,0
20508,2,CNB,KANPUR CENTRAL,2,00:35,00:40,5,428
20508,3,DDU,PT.DEEN DAYAL UPADHYAYA JN.,2,04:38,04:45,7,775
20508,4,PNBE,PATNA JN,2,08:03,08:10,7,982
20508,5,JMP,JAMALPUR JN,2,11:05,11:10,5,1150
20508,6,BGP,BHAGALPUR,2,12:06,12:11,5,1203
20508,7,SBG,SAHIBGANJ JN,2,13:46,13:48,2,1278
20508,8,MLDT,MALDA TOWN,2,16:15,16:25,10,1382
20508,9,NJP,NEW JALPAIGURI,2,19:35,19:45,10,1615
20508,10,NCB,NEW COOCH BEHAR,2,21:55,22:00,5,1741
20508,11,NBQ,NEW BONGAIGAON,3,00:02,00:12,10,1869
20508,12,BPRD,BARPETA ROAD,3,00:45,00:47,2,1913
20508,13,RNY,RANGIYA JN.,3,01:35,01:37,2,1978
20508,14,GHY,GUWAHATI,3,03:10,03:25,15,2026
20508,15,HJI,HOJAI,3,05:14,05:16,2,2162
20508,16,NHLG,NEW HAFLONG,3,08:45,08:47,2,2295
20508,17,BPB,BADARPUR JN.,3,11:20,11:30,10,2366
20508,18,HKD,HAILAKANDI,3,12:25,12:27,2,2396
20508,19,BHRB,BHAIRABI,3,13:35,13:37,2,2460
20508,20,SANG,SAIRANG,3,15:25,,0,2510
20628,1,NCJ,NAGERCOIL JUNCTION,1,,14:20,0,0
20628,2,TEN,TIRUNELVELI JN,1,15:13,15:15,2,73
20628,3,CVP,KOVILPATTI,1,16:03,16:05,2,138
20628,4,MDU,MADURAI JN,1,17:03,17:05,2,230
20628,5,DG,DINDIGUL JN,1,17:53,17:55,2,296
20628,6,TPJ,TIRUCHCHIRAPPALLI JN.,1,18:55,19:00,5,390
20628,7,VM,VILLUPURAM JN,1,20:58,21:00,2,568
20628,8,TBM,TAMBARAM,1,22:28,22:30,2,701
20628,9,MS,CHENNAI EGMORE,1,23:05,,0,726
20634,1,TVC,THIRUVANANTHAPURAM CENTRAL,1,,05:15,0,0
20634,2,QLN,KOLLAM JN,1,06:03,06:05,2,64
20634,3,CNGR,CHENGANNUR,1,06:51,06:53,2,126
20634,4,KTYM,KOTTAYAM,1,07:18,07:21,3,160
20634,5,ERN,ERNAKULAM TOWN,1,08:17,08:20,3,220
20634,6,TCR,THRISUR,1,09:20,09:23,3,291
20634,7,SRR,SHORANUR JN,1,10:02,10:04,2,326
20634,8,CLT,KOZHIKKODE,1,11:03,11:05,2,412
20634,9,CAN,KANNUR,1,12:03,12:05,2,502
20634,10,KGQ,KASARAGOD,1,13:20,,0,587
20642,1,CBE,COIMBATORE JN,1,,07:25,0,0
20642,2,TUP,TIRUPPUR,1,08:03,08:05,2,51
20642,3,ED,ERODE JN,1,08:42,08:45,3,101
20642,4,SA,SALEM JN,1,09:32,09:35,3,160
20642,5,DPJ,DHARMAPURI,1,10:49,10:51,2,225
20642,6,HSRA,HOSUR,1,12:13,12:15,2,317
20642,7,BNC,BANGALORE CANT,1,13:45,,0,372
20645,1,MAO,MADGAON JUNCTION,1,,17:35,0,0
20645,2,KAWR,KARWAR,1,18:20,18:22,2,59
20645,3,UD,UDUPI,1,21:12,21:14,2,249
20645,4,MAQ,MANGALORE CENTRAL,1,22:45,,0,321
20661,1,SBC,KSR BENGALURU,1,,05:45,0,0
20661,2,YPR,YESVANTPUR JN.,1,05:55,05:57,2,5
20661,3,TK,TUMKUR,1,06:36,06:38,2,71
20661,4,DVG,DAVANGERE,1,09:30,09:32,2,326
20661,5,HVR,HAVERI,1,10:20,10:22,2,394
20661,6,UBL,SSS HUBBALLI JN,1,11:15,11:20,5,469
20661,7,DWR,DHARWAR,1,12:00,,0,490
20663,1,MYS,MYSORE JN,1,,06:00,0,0
20663,2,MYA,MANDYA,1,06:28,06:30,2,45
20663,3,SBC,KSR BENGALURU,1,07:40,07:45,5,138
20663,4,KJM,KRISHNARAJAPURM,1,08:04,08:06,2,152
20663,5,KPD,KATPADI JN,1,10:38,10:40,2,362
20663,6,MAS,PURATCHI THALAIVAR DR. MGR CTL,1,12:30,,0,492
20665,1,MS,CHENNAI EGMORE,1,,15:10,0,0
20665,2,TBM,TAMBARAM,1,15:30,15:32,2,25
20665,3,VM,VILLUPURAM JN,1,17:00,17:02,2,158
20665,4,VRI,VRIDDHACHALAM JN,1,17:32,17:34,2,213
20665,5,TPJ,TIRUCHCHIRAPPALLI JN.,1,19:00,19:05,5,336
20665,6,DG,DINDIGUL JN,1,19:58,20:00,2,430
20665,7,MDU,MADURAI JN,1,20:45,20:50,5,496
20665,8,VPT,VIRUDUNAGAR JN,1,21:20,21:22,2,539
20665,9,CVP,KOVILPATTI,1,21:48,21:50,2,588
20665,10,TEN,TIRUNELVELI JN,1,23:00,,0,653
20669,1,UBL,SSS HUBBALLI JN,1,,05:00,0,0
20669,2,DWR,DHARWAR,1,05:18,05:20,2,20
20669,3,BGM,BELAGAVI,1,07:05,07:10,5,141
20669,4,GPB,GHATPRABHA,1,07:48,07:50,2,199
20669,5,MRJ,MIRAJ JN.,1,08:55,09:00,5,278
20669,6,SLI,SANGLI,1,09:10,09:13,3,286
20669,7,KOV,KIRLOSKARVADI,1,09:38,09:40,2,319
20669,8,STR,SATARA,1,10:47,10:50,3,412
20669,9,PUNE,PUNE JN,1,13:30,,0,557
20705,1,NED,NANDED,1,,05:20,0,0
20705,2,PBN,PARBHANI JN,1,05:58,06:00,2,59
20705,3,J,JALNA,1,07:33,07:35,2,173
20705,4,CPSN,CHHATRAPATI SAMBHAJINAGAR,1,08:23,08:25,2,236
20705,5,MMR,MANMAD JN,1,09:58,10:00,2,349
20705,6,NK,NASIK ROAD,1,10:58,11:00,2,422
20705,7,KYN,KALYAN JN,1,13:08,13:10,2,557
20705,8,TNA,THANE,1,13:28,13:30,2,577
20705,9,DR,DADAR,1,13:48,13:50,2,601
20705,10,CSMT,C SHIVAJI MAH T,1,14:15,,0,610
20707,1,SC,SECUNDERABAD JN,1,,05:00,0,0
20707,2,WL,WARANGAL,1,06:39,06:40,1,142
20707,3,KMT,KHAMMAM,1,07:44,07:45,1,248
20707,4,BZA,VIJAYAWADA JN,1,09:00,09:05,5,349
20707,5,EE,ELURU,1,09:49,09:50,1,408
20707,6,RJY,RAJAMUNDRY,1,10:48,10:50,2,498
20707,7,SLO,SAMALKOT JN,1,11:23,11:25,2,549
20707,8,VSKP,VISAKHAPATNAM,1,13:50,,0,699
20708,1,VSKP,VISAKHAPATNAM,1,,14:30,0,0
20708,2,SLO,SAMALKOT JN,1,15:53,15:55,2,151
20708,3,RJY,RAJAMUNDRY,1,16:28,16:30,2,201
20708,4,EE,ELURU,1,17:44,17:45,1,291
20708,5,BZA,VIJAYAWADA JN,1,18:40,18:45,5,350
20708,6,KMT,KHAMMAM,1,20:04,20:05,1,451
20708,7,WL,WARANGAL,1,21:14,21:15,1,559
20708,8,SC,SECUNDERABAD JN,1,23:25,,0,701
20813,1,PURI,PURI,1,,15:50,0,0
20813,2,KUR,KHURDA ROAD JN,1,16:35,16:40,5,44
20813,3,BBS,BHUBANESWAR,1,17:05,17:10,5,63
20813,4,CTC,CUTTACK,1,17:38,17:40,2,90
20813,5,DNKL,DHENKANAL,1,18:40,18:42,2,148
20813,6,TLHD,TALCHER ROAD,1,19:33,19:35,2,196
20813,7,ANGL,ANGUL,1,20:00,20:02,2,208
20813,8,RAIR,RAIRAKHOL,1,21:20,21:22,2,293
20813,9,SBP,SAMBALPUR JN.,1,22:45,23:05,20,364
20813,10,JSGR,JHARSUGUDA ROAD,2,00:05,00:10,5,411
20813,11,BRJN,BRAJRAJNAGAR,2,00:46,00:48,2,422
20813,12,RIG,RAIGARH,2,01:22,01:27,5,482
20813,13,SKT,SAKTI,2,02:08,02:10,2,532
20813,14,CPH,CHAMPA,2,02:27,02:32,5,563
20813,15,BSP,BILASPUR JN.,2,03:50,04:00,10,615
20813,16,BYT,BHATAPARA,2,04:38,04:40,2,667
20813,17,R,RAIPUR JN.,2,05:35,05:40,5,731
20813,18,DURG,DURG,2,06:30,06:35,5,768
20813,19,RJN,RAJNANDGAON,2,06:56,06:58,2,799
20813,20,G,GONDIA JN,2,08:30,08:35,5,903
20813,21,BRD,BHANDARA ROAD,2,09:23,09:25,2,971
20813,22,KP,KAMPTEE,2,10:03,10:05,2,1019
20813,23,NGP,NAGPUR JN.,2,10:55,11:15,20,1034
20813,24,PAR,PANDHURNA,2,12:29,12:30,1,1136
20813,25,BZU,BETUL,2,13:48,13:50,2,1222
20813,26,ET,ITARSI JN,2,15:55,16:00,5,1329
20813,27,RKMP,RANI KAMALAPATI,2,17:28,17:30,2,1415
20813,28,BPL,BHOPAL JN.,2,17:50,18:00,10,1421
20813,29,SJP,SHUJALPUR,2,19:25,19:27,2,1504
20813,30,UJN,UJJAIN JN,2,21:15,21:25,10,1607
20813,31,NAD,NAGDA JN,2,23:00,23:15,15,1662
20813,32,VMA,VIKRAMGARH ALOT,2,23:40,23:42,2,1701
20813,33,SGZ,SHAMGARH,3,00:18,00:20,2,1753
20813,34,KOTA,KOTA JN,3,02:00,02:10,10,1887
20813,35,SWM,SAWAI MADHOPUR JN,3,03:35,03:55,20,1994
20813,36,DPA,DURGAPURA,3,05:28,05:31,3,2119
20813,37,JP,JAIPUR JN.,3,06:10,06:20,10,2126
20813,38,FL,PHULERA,3,07:18,07:20,2,2181
20813,39,MKN,MAKRANA JN,3,08:15,08:18,3,2245
20813,40,DNA,DEGANA JN,3,08:50,08:53,3,2289
20813,41,MTD,MERTA ROAD JN,3,09:33,09:38,5,2334
20813,42,JU,JODHPUR JN,3,11:25,,0,2438
20825,1,BSP,BILASPUR JN.,1,,06:45,0,0
20825,2,R,RAIPUR JN.,1,08:01,08:03,2,115
20825,3,DURG,DURG,1,08:43,08:45,2,152
20825,4,RJN,RAJNANDGAON,1,09:02,09:03,1,183
20825,5,DGG,DONGARGARH,1,09:21,09:22,1,214
20825,6,G,GONDIA JN,1,10:20,10:22,2,287
20825,7,NGP,NAGPUR JN.,1,12:15,,0,417
20826,1,NGP,NAGPUR JN.,1,,14:05,0,0
20826,2,G,GONDIA JN,1,15:28,15:30,2,130
20826,3,DGG,DONGARGARH,1,16:19,16:20,1,204
20826,4,RJN,RAJNANDGAON,1,16:39,16:40,1,235
20826,5,DURG,DURG,1,17:15,17:17,2,266
20826,6,R,RAIPUR JN.,1,17:44,17:46,2,302
20826,7,BSP,BILASPUR JN.,1,19:25,,0,417
20827,1,JBP,JABALPUR,1,,20:20,0,0
20827,2,KTES,KATNI SOUTH JUNCTION,1,21:20,21:25,5,89
20827,3,SDL,SHAHDOL,2,00:03,00:05,2,216
20827,4,APR,ANUPPUR JN,2,00:40,00:42,2,257
20827,5,BSP,BILASPUR JN.,2,03:45,03:55,10,408
20827,6,RIG,RAIGARH,2,05:28,05:30,2,541
20827,7,JSG,JHARSUGUDA JN,2,07:35,07:37,2,613
20827,8,ROU,ROURKELA,2,08:52,09:00,8,714
20827,9,CKP,CHAKARADHARPUR,2,10:25,10:32,7,815
20827,10,TATA,TATANAGAR JN,2,11:22,11:27,5,877
20827,11,KGP,KHARAGPUR JN,2,13:35,13:40,5,1012
20827,12,SRC,SANTRAGACHI JN,2,16:00,,0,1120
20834,1,SC,SECUNDERABAD JN,1,,15:00,0,0
20834,2,WL,WARANGAL,1,16:35,16:36,1,142
20834,3,KMT,KHAMMAM,1,17:45,17:46,1,248
20834,4,BZA,VIJAYAWADA JN,1,18:50,18:55,5,349
20834,5,RJY,RAJAMUNDRY,1,20:43,20:45,2,498
20834,6,SLO,SAMALKOT JN,1,21:23,21:25,2,549
20834,7,VSKP,VISAKHAPATNAM,1,23:35,,0,699
20840,1,NDLS,NEW DELHI,1,,16:10,0,0
20840,2,CNB,KANPUR CENTRAL,1,20:50,20:55,5,441
20840,3,DDU,PT.DEEN DAYAL UPADHYAYA JN.,2,01:03,01:10,7,788
20840,4,DOS,DEHRI ON SONE,2,02:24,02:26,2,907
20840,5,GAYA,GAYA JN,2,03:27,03:30,3,992
20840,6,KQR,KODERMA,2,04:40,04:42,2,1068
20840,7,BKSC,BOKARO STEEL CITY,2,06:25,06:30,5,1193
20840,8,RNC,RANCHI,2,09:05,,0,1309
20841,1,BBS,BHUBANESWAR,1,,05:15,0,0
20841,2,KUR,KHURDA ROAD JN,1,05:33,05:35,2,19
20841,3,BALU,BALUGAN,1,06:13,06:15,2,90
20841,4,BAM,BRAHMAPUR,1,06:55,06:57,2,166
20841,5,IPM,ICHCHPURAM,1,07:13,07:15,2,190
20841,6,PSA,PALASA,1,08:00,08:02,2,240
20841,7,CHE,SRIKAKULAM ROAD,1,08:53,08:55,2,312
20841,8,VZM,VIZIANAGRAM JN,1,09:43,09:45,2,382
20841,9,VSKP,VISAKHAPATNAM,1,11:00,,0,443
20845,1,BSP,BILASPUR JN.,1,,18:25,0,0
20845,2,BYT,BHATAPARA,1,19:03,19:05,2,52
20845,3,R,RAIPUR JN.,1,20:05,20:10,5,115
20845,4,BPHB,BHILAI POWER HOUSE,1,20:36,20:38,2,143
20845,5,DURG,DURG,1,21:05,21:10,5,153
20845,6,RJN,RAJNANDGAON,1,21:31,21:33,2,184
20845,7,G,GONDIA JN,1,22:58,23:00,2,288
20845,8,NGP,NAGPUR JN.,2,01:10,01:30,20,418
20845,9,ET,ITARSI JN,2,06:20,06:25,5,714
20845,10,RKMP,RANI KAMALAPATI,2,08:03,08:05,2,799
20845,11,BPL,BHOPAL JN.,2,08:25,08:35,10,805
20845,12,SEH,SEHORE,2,09:24,09:26,2,847
20845,13,SJP,SHUJALPUR,2,10:02,10:04,2,888
20845,14,BCH,BERCHHA,2,10:40,10:42,2,931
20845,15,UJN,UJJAIN JN,2,11:50,11:55,5,992
20845,16,NAD,NAGDA JN,2,13:10,13:25,15,1047
20845,17,VMA,VIKRAMGARH ALOT,2,13:48,13:50,2,1086
20845,18,CMU,CHAU MAHLA,2,14:08,14:10,2,1109
20845,19,SVA,SUWASRA,2,14:21,14:23,2,1124
20845,20,SGZ,SHAMGARH,2,14:33,14:35,2,1138
20845,21,BWM,BHAWANI MANDI,2,14:58,15:00,2,1171
20845,22,KOTA,KOTA JN,2,16:40,16:50,10,1272
20845,23,IDG,INDARGARH,2,17:38,17:40,2,1343
20845,24,SWM,SAWAI MADHOPUR JN,2,18:20,18:40,20,1379
20845,25,BNLW,BANASTHALI NIWAI,2,19:28,19:30,2,1445
20845,26,DPA,DURGAPURA,2,20:27,20:30,3,1503
20845,27,JP,JAIPUR JN.,2,20:55,21:05,10,1511
20845,28,KMNC,KUCHAMAN CITY,2,22:46,22:48,2,1616
20845,29,MKN,MAKRANA JN,2,23:02,23:05,3,1630
20845,30,DNA,DEGANA JN,2,23:36,23:39,3,1674
20845,31,NGO,NAGAUR,3,01:10,01:15,5,1774
20845,32,NOK,NOKHA,3,01:58,02:00,2,1825
20845,33,DSO,DESHNOK,3,02:23,02:25,2,1857
20845,34,BKN,BIKANER JN,3,03:15,,0,1890
20892,1,BAM,BRAHMAPUR,1,,05:15,0,0
20892,2,BALU,BALUGAN,1,05:43,05:45,2,76
20892,3,KUR,KHURDA ROAD JN,1,06:40,06:50,10,147
20892,4,BBS,BHUBANESWAR,1,07:15,07:20,5,166
20892,5,CTC,CUTTACK,1,07:38,07:40,2,193
20892,6,JKPR,JAKHAPURA,1,08:23,08:25,2,257
20892,7,HCNR,HARI CHANDANPUR,1,09:18,09:20,2,330
20892,8,KDJR,KENDUJHAR,1,10:05,10:10,5,380
20892,9,BSPX,BANSPANI,1,11:23,11:25,2,436
20892,10,CBSA,CHAIBASA,1,12:52,12:54,2,526
20892,11,TATA,TATANAGAR JN,1,14:50,,0,588
20911,1,INDB,INDORE JN,1,,06:10,0,0
20911,2,UJN,UJJAIN JN,1,06:50,06:55,5,62
20911,3,BPL,BHOPAL JN.,1,09:10,09:15,5,248
20911,4,NDPM,NARMADAPURAM,1,10:22,10:23,1,322
20911,5,ET,ITARSI JN,1,10:40,10:45,5,340
20911,6,BZU,BETUL,1,11:58,12:00,2,447
20911,7,NGP,NAGPUR JN.,1,14:35,,0,635
20932,1,INDB,INDORE JN,1,,21:40,0,0
20932,2,DWX,DEWAS,1,22:12,22:14,2,42
20932,3,UJN,UJJAIN JN,1,23:05,23:10,5,82
20932,4,NAD,NAGDA JN,2,00:05,00:07,2,137
20932,5,RTM,RATLAM JN,2,00:45,00:50,5,178
20932,6,DHD,DAHOD,2,02:14,02:16,2,292
20932,7,BRC,VADODARA JN,2,04:56,05:06,10,436
20932,8,ST,SURAT,2,06:57,07:02,5,565
20932,9,VAPI,VAPI,2,08:08,08:10,2,660
20932,10,BOR,BOISAR,2,08:58,09:00,2,729
20932,11,BSR,VASAI ROAD,2,09:55,10:00,5,780
20932,12,PNVL,PANVEL,2,11:17,11:20,3,844
20932,13,ROHA,ROHA,2,12:45,12:47,2,921
20932,14,CHI,CHIPLUN,2,14:50,14:52,2,1049
20932,15,RN,RATNAGIRI,2,16:45,16:50,5,1125
20932,16,KUDL,KUDAL,2,19:50,19:52,2,1264
20932,17,THVM,THIVIM,2,21:10,21:12,2,1318
20932,18,MAO,MADGAON JUNCTION,2,22:50,23:00,10,1364
20932,19,KAWR,KARWAR,2,23:50,23:52,2,1422
20932,20,UD,UDUPI,3,02:50,02:52,2,1612
20932,21,MAJN,MANGALORE JUNCTION,3,04:10,04:15,5,1679
20932,22,KGQ,KASARAGOD,3,04:54,04:55,1,1723
20932,23,CAN,KANNUR,3,06:02,06:05,3,1809
20932,24,CLT,KOZHIKKODE,3,07:22,07:25,3,1898
20932,25,SRR,SHORANUR JN,3,09:30,09:35,5,1984
20932,26,TCR,THRISUR,3,10:22,10:25,3,2018
20932,27,AWY,ALUVA,3,11:18,11:20,2,2072
20932,28,ERS,ERNAKULAM JN,3,12:20,12:25,5,2092
20932,29,ALLP,ALAPPUZHA,3,13:48,13:51,3,2149
20932,30,KYJ,KAYANKULAM JN,3,14:38,14:40,2,2192
20932,31,QLN,KOLLAM JN,3,16:02,16:05,3,2233
20932,32,TVCN,THIRUVANANTHAPURAM NORTH,3,18:00,,0,2291
20947,1,ADI,AHMEDABAD JN,1,,07:55,0,0
20947,2,ND,NADIAD JN,1,08:29,08:31,2,46
20947,3,ANND,ANAND JN,1,08:44,08:46,2,64
20947,4,BRC,VADODARA JN,1,09:15,09:18,3,100
20947,5,EKNR,EKTA NAGAR,1,10:50,,0,183
20977,1,AII,AJMER JN,1,,06:10,0,0
20977,2,KSG,KISHANGARH,1,06:30,06:32,2,25
20977,3,JP,JAIPUR JN.,1,07:42,07:47,5,134
20977,4,GADJ,GANDHINAGAR JAIPUR,1,07:53,07:55,2,140
20977,5,AWR,ALWAR JUNCTION,1,09:27,09:30,3,285
20977,6,RE,REWARI JN.,1,10:23,10:25,2,359
20977,7,GGN,GURGAON,1,11:04,11:06,2,410
20977,8,DEC,DELHI CANTT,1,11:30,11:35,5,427
20977,9,UMB,AMBALA CANT JN,1,14:03,14:05,2,630
20977,10,CDG,CHANDIGARH,1,14:45,,0,675
20992,1,DD,DAUND JN,1,,23:10,0,0
20992,2,PUNE,PUNE JN,2,00:20,00:25,5,75
20992,3,LNL,LONAVALA,2,01:17,01:20,3,139
20992,4,PNVL,PANVEL,2,02:45,02:50,5,195
20992,5,BSR,VASAI ROAD,2,04:35,04:40,5,259
20992,6,BOR,BOISAR,2,05:18,05:20,2,310
20992,7,VAPI,VAPI,2,06:03,06:05,2,380
20992,8,BL,VALSAD,2,06:30,06:32,2,406
20992,9,ST,SURAT,2,07:30,07:35,5,474
20992,10,BH,BHARUCH JN,2,08:14,08:16,2,533
20992,11,BRC,VADODARA JN,2,09:10,09:18,8,604
20992,12,GDA,GODHRA JN,2,10:28,10:30,2,676
20992,13,DHD,DAHOD,2,11:13,11:15,2,748
20992,14,RTM,RATLAM JN,2,12:55,13:00,5,861
20992,15,NAD,NAGDA JN,2,13:53,13:55,2,901
20992,16,BWM,BHAWANI MANDI,2,15:03,15:05,2,1026
20992,17,RMA,RAMGANJ MANDI JUNCTION,2,15:23,15:25,2,1054
20992,18,KOTA,KOTA JN,2,16:40,16:50,10,1126
20992,19,SWM,SAWAI MADHOPUR JN,2,18:20,18:40,20,1234
20992,20,JP,JAIPUR JN.,2,20:55,21:05,10,1366
20992,21,KSG,KISHANGARH,2,22:32,22:34,2,1475
20992,22,AII,AJMER JN,2,23:40,,0,1500
21896,1,PNBE,PATNA JN,1,,16:45,0,0
21896,2,GAYA,GAYA JN,1,18:05,18:15,10,92
21896,3,KQR,KODERMA,1,19:13,19:15,2,168
21896,4,PNME,PARASNATH,1,19:57,19:59,2,243
21896,5,GMO,NSC BOSE J GOMO,1,20:15,20:20,5,261
21896,6,BKSC,BOKARO STEEL CITY,1,20:58,21:00,2,293
21896,7,MURI,MURI JN,1,21:53,21:55,2,346
21896,8,CNI,CHANDIL JN.,1,22:53,22:55,2,414
21896,9,TATA,TATANAGAR JN,1,23:55,,0,450
22106,1,PUNE,PUNE JN,1,,18:35,0,0
22106,2,LNL,LONAVALA,1,19:28,19:30,2,64
22106,3,KJT,KARJAT,1,20:13,20:15,2,92
22106,4,KYN,KALYAN JN,1,20:50,20:52,2,138
22106,5,TNA,THANE,1,21:08,21:10,2,159
22106,6,DR,DADAR,1,21:33,21:35,2,183
22106,7,CSMT,C SHIVAJI MAH T,1,22:00,,0,192
22125,1,NGP,NAGPUR JN.,1,,17:50,0,0
22125,2,BPL,BHOPAL JN.,2,00:00,00:10,10,392
22125,3,VGLJ,VIRANGANA LAKSHMIBAI JHANSI JN,2,04:15,04:23,8,681
22125,4,GWL,GWALIOR JN.,2,05:42,05:44,2,780
22125,5,AGC,AGRA CANTT JN,2,08:35,08:40,5,898
22125,6,NDLS,NEW DELHI,2,11:55,12:10,15,1092
22125,7,UMB,AMBALA CANT JN,2,14:55,15:00,5,1290
22125,8,LDH,LUDHIANA JN,2,16:26,16:36,10,1404
22125,9,JUC,JALANDHAR CITY,2,17:35,17:40,5,1461
22125,10,BEAS,BEAS,2,18:11,18:13,2,1497
22125,11,ASR,AMRITSAR,2,19:00,,0,1539
22183,1,LTT,LOKMANYATILAK,1,,06:00,0,0
22183,2,TNA,THANE,1,06:18,06:20,2,17
22183,3,KYN,KALYAN JN,1,06:37,06:40,3,37
22183,4,IGP,IGATPURI,1,08:27,08:32,5,120
22183,5,NK,NASIK ROAD,1,09:40,09:45,5,171
22183,6,MMR,MANMAD JN,1,10:50,10:55,5,244
22183,7,BSL,BHUSAVAL JN,1,13:05,13:10,5,428
22183,8,BAU,BURHANPUR,1,13:58,14:00,2,482
22183,9,KNW,KHANDWA JUNCTION,1,15:12,15:15,3,551
22183,10,ET,ITARSI JN,1,18:00,18:10,10,734
22183,11,PPI,PIPARIYA,1,19:03,19:05,2,801
22183,12,NU,NARSINGHPUR,1,20:08,20:10,2,895
22183,13,JBP,JABALPUR,1,21:40,21:50,10,979
22183,14,KTE,KATNI,1,23:05,23:10,5,1069
22183,15,STA,SATNA,2,00:25,00:30,5,1168
22183,16,MKP,MANIKPUR JN,2,02:00,02:02,2,1245
22183,17,PRYJ,PRAYAGRAJ JN,2,03:50,04:20,30,1346
22183,18,MBDP,MAA BELHA DEVI DHAM PRATAPGARH,2,05:35,05:40,5,1405
22183,19,SLN,SULTANPUR,2,06:25,06:30,5,1445
22183,20,AYC,AYODHYA CANTT,2,08:00,,0,1503
22188,1,ADTL,ADHARTAL,1,,16:15,0,0
22188,2,JBP,JABALPUR,1,16:27,16:35,8,8
22188,3,MML,MADAN MAHAL,1,16:44,16:46,2,11
22188,4,SRID,SRIDHAM,1,17:16,17:18,2,61
22188,5,NU,NARSINGHPUR,1,17:43,17:45,2,92
22188,6,KY,KARELI,1,17:59,18:00,1,108
22188,7,BNE,BOHANI,1,18:11,18:12,1,124
22188,8,GAR,GADARWARA,1,18:19,18:20,1,136
22188,9,PPI,PIPARIYA,1,18:53,18:55,2,186
22188,10,ET,ITARSI JN,1,20:15,20:30,15,253
22188,11,NDPM,NARMADAPURAM,1,20:48,20:50,2,271
22188,12,RKMP,RANI KAMALAPATI,1,22:23,,0,339
22196,1,BDTS,BANDRA TERMINUS,1,,05:10,0,0
22196,2,BVI,BORIVALI,1,05:30,05:33,3,19
22196,3,VAPI,VAPI,1,07:10,07:12,2,157
22196,4,ST,SURAT,1,08:30,08:35,5,252
22196,5,BH,BHARUCH JN,1,09:22,09:24,2,311
22196,6,BRC,VADODARA JN,1,10:40,10:50,10,381
22196,7,GDA,GODHRA JN,1,11:58,12:00,2,453
22196,8,DHD,DAHOD,1,12:48,12:50,2,525
22196,9,RTM,RATLAM JN,1,14:30,14:40,10,638
22196,10,NAD,NAGDA JN,1,15:43,15:45,2,680
22196,11,UJN,UJJAIN JN,1,16:45,16:55,10,735
22196,12,MKC,MAKSI JN,1,18:00,18:02,2,776
22196,13,SFY,SHAJAPUR,1,18:27,18:29,2,804
22196,14,BRRG,BIYAVRA RAJGARH,1,19:30,19:32,2,891
22196,15,CBK,CHACHURA BINAGANI,1,19:51,20:10,19,924
22196,16,RTA,RUTHIYAI JUNCTION,1,21:13,21:15,2,970
22196,17,GUNA,GUNA,1,22:00,22:10,10,990
22196,18,SVPI,SHIVPURI,1,23:18,23:20,2,1092
22196,19,GWL,GWALIOR JN.,2,02:20,02:40,20,1218
22196,20,DBA,DABRA,2,03:15,03:17,2,1261
22196,21,DAA,DATIA,2,03:51,03:53,2,1292
22196,22,VGLJ,VIRANGANA LAKSHMIBAI JHANSI JN,2,05:00,,0,1316
22210,1,NZM,HAZRAT NIZAMUDDIN JN,1,,22:15,0,0
22210,2,KOTA,KOTA JN,2,03:40,03:50,10,457
22210,3,RTM,RATLAM JN,2,07:00,07:05,5,724
22210,4,BRC,VADODARA JN,2,10:33,10:43,10,981
22210,5,MMCT,MUMBAI CENTRAL,2,15:50,,0,1373
22213,1,SHM,SHALIMAR,1,,21:50,0,0
22213,2,ASN,ASANSOL JN.,2,00:55,01:00,5,209
22213,3,JSME,JASIDIH JN.,2,02:12,02:14,2,319
22213,4,PNBE,PATNA JN,2,06:15,,0,540
22221,1,CSMT,C SHIVAJI MAH T,1,,16:00,0,0
22221,2,KYN,KALYAN JN,1,16:43,16:45,2,53
22221,3,NK,NASIK ROAD,1,18:17,18:19,2,187
22221,4,JL,JALGAON JN,1,20:43,20:45,2,420
22221,5,BSL,BHUSAVAL JN,1,21:15,21:17,2,444
22221,6,BPL,BHOPAL JN.,2,01:55,02:00,5,842
22221,7,VGLJ,VIRANGANA LAKSHMIBAI JHANSI JN,2,05:06,05:11,5,1131
22221,8,GWL,GWALIOR JN.,2,06:09,06:11,2,1230
22221,9,AGC,AGRA CANTT JN,2,07:30,07:32,2,1348
22221,10,NZM,HAZRAT NIZAMUDDIN JN,2,09:55,,0,1535
22224,1,SNSI,SAINAGAR SHIRDI,1,,17:45,0,0
22224,2,NK,NASIK ROAD,1,19:33,19:35,2,156
22224,3,KYN,KALYAN JN,1,21:45,21:47,2,290
22224,4,TNA,THANE,1,22:06,22:08,2,310
22224,5,DR,DADAR,1,22:28,22:30,2,334
22224,6,CSMT,C SHIVAJI MAH T,1,22:50,,0,343
22225,1,CSMT,C SHIVAJI MAH T,1,,16:05,0,0
22225,2,DR,DADAR,1,16:15,16:17,2,9
22225,3,TNA,THANE,1,16:33,16:35,2,33
22225,4,KYN,KALYAN JN,1,16:48,16:50,2,53
22225,5,PUNE,PUNE JN,1,19:10,19:15,5,192
22225,6,DD,DAUND JN,1,20:13,20:15,2,267
22225,7,KWV,KURDUVADI JN.,1,21:28,21:30,2,376
22225,8,SUR,SOLAPUR JN,1,22:40,,0,455
22234,1,PNBE,PATNA JN,1,,13:00,0,0
22234,2,PNC,PATNA SAHEB,1,13:13,13:15,2,10
22234,3,BGS,BEGUSARAI,1,15:08,15:10,2,121
22234,4,KGG,KHAGARIA JN.,1,15:36,15:38,2,162
22234,5,NNA,NAUGACHIA,1,16:26,16:28,2,229
22234,6,KIR,KATIHAR JN,1,17:30,17:35,5,286
22234,7,BOE,BARSOI JN,1,18:10,18:12,2,326
22234,8,KNE,KISHANGANJ,1,18:40,18:42,2,384
22234,9,NJP,NEW JALPAIGURI,1,20:05,,0,471
22302,1,NJP,NEW JALPAIGURI,1,,14:55,0,0
22302,2,KNE,KISHANGANJ,1,15:46,15:48,2,87
22302,3,BOE,BARSOI JN,1,16:28,16:30,2,145
22302,4,MLDT,MALDA TOWN,1,17:45,17:48,3,233
22302,5,BHP,BOLPUR S NIKTN,1,20:03,20:05,2,415
22302,6,HWH,HOWRAH JN,1,22:30,,0,562
22303,1,HWH,HOWRAH JN,1,,06:45,0,0
22303,2,DGR,DURGAPUR,1,08:09,08:11,2,157
22303,3,ASN,ASANSOL JN.,1,08:33,08:35,2,199
22303,4,DHN,DHANBAD JN,1,09:43,09:45,2,257
22303,5,PNME,PARASNATH,1,10:13,10:15,2,305
22303,6,KQR,KODERMA,1,10:58,11:00,2,380
22303,7,GAYA,GAYA JN,1,12:30,,0,456
22304,1,GAYA,GAYA JN,1,,15:15,0,0
22304,2,KQR,KODERMA,1,16:15,16:17,2,76
22304,3,PNME,PARASNATH,1,17:08,17:10,2,152
22304,4,DHN,DHANBAD JN,1,18:00,18:02,2,199
22304,5,ASN,ASANSOL JN.,1,18:38,18:40,2,257
22304,6,DGR,DURGAPUR,1,19:01,19:03,2,299
22304,7,HWH,HOWRAH JN,1,21:10,,0,456
22309,1,HWH,HOWRAH JN,1,,07:45,0,0
22309,2,BHP,BOLPUR S NIKTN,1,09:13,09:15,2,146
22309,3,RPH,RAMPUR HAT,1,10:00,10:02,2,207
22309,4,DUMK,DUMKA,1,11:03,11:05,2,271
22309,5,NNHT,NONIHAT,1,11:25,11:27,2,297
22309,6,HSDA,HANSDIHA,1,11:46,11:48,2,313
22309,7,MDLE,MANDAR HILL,1,12:12,12:14,2,336
22309,8,BHLE,BARAHAT,1,12:27,12:29,2,350
22309,9,BGP,BHAGALPUR,1,13:03,13:05,2,385
22309,10,JMP,JAMALPUR JN,1,14:15,,0,438
22310,1,JMP,JAMALPUR JN,1,,15:30,0,0
22310,2,BGP,BHAGALPUR,1,16:05,16:07,2,53
22310,3,BHLE,BARAHAT,1,16:41,16:43,2,89
22310,4,MDLE,MANDAR HILL,1,16:57,16:59,2,103
22310,5,HSDA,HANSDIHA,1,17:20,17:22,2,126
22310,6,NNHT,NONIHAT,1,17:35,17:37,2,142
22310,7,DUMK,DUMKA,1,18:15,18:17,2,168
22310,8,RPH,RAMPUR HAT,1,19:07,19:09,2,232
22310,9,BHP,BOLPUR S NIKTN,1,19:45,19:47,2,293
22310,10,HWH,HOWRAH JN,1,22:05,,0,439
22329,1,HLZ,HALDIA,1,,14:30,0,0
22329,2,DZKT,DURGA CHAK TOWN,1,14:39,14:40,1,8
22329,3,TMZ,TAMLUK,1,15:09,15:10,1,45
22329,4,PKU,PANSKURA,1,15:33,15:35,2,72
22329,5,KGP,KHARAGPUR JN,1,16:10,16:15,5,116
22329,6,MDN,MIDNAPORE,1,16:38,16:40,2,129
22329,7,SLB,SALBONI,1,16:59,17:00,1,153
22329,8,CDGR,CHANDRAKONA ROAD,1,17:08,17:09,1,165
22329,9,GBA,GARBETA,1,17:19,17:20,1,176
22329,10,VSU,BISHNUPUR,1,17:39,17:40,1,201
22329,11,ODM,ONDAGRARM,1,17:50,17:51,1,216
22329,12,BQA,BANKURA,1,18:08,18:10,2,231
22329,13,CJN,CHHATNA,1,18:21,18:22,1,245
22329,14,ADRA,ADRA,1,19:00,19:05,5,285
22329,15,MDF,MURADI,1,19:29,19:30,1,305
22329,16,MDKD,MADHUKUNDA,1,19:37,19:38,1,312
22329,17,BURN,BURNPUR,1,19:49,19:50,1,321
22329,18,ASN,ASANSOL JN.,1,20:20,,0,326
22349,1,PNBE,PATNA JN,1,,07:00,0,0
22349,2,JHD,JEHANABAD,1,07:33,07:35,2,45
22349,3,GAYA,GAYA JN,1,08:20,08:30,10,92
22349,4,KQR,KODERMA,1,09:35,09:37,2,168
22349,5,HZBN,HAZARIBAGH TOWN,1,10:39,10:41,2,247
22349,6,BRKA,BARKA KANA,1,11:30,11:35,5,304
22349,7,MESR,MESRA,1,12:20,12:22,2,358
22349,8,RNC,RANCHI,1,13:05,,0,377
22354,1,SMVB,SMVT BENGALURU,1,,13:50,0,0
22354,2,KJM,KRISHNARAJAPURM,1,14:04,14:05,1,7
22354,3,JTJ,JOLARPETTAI JN.,1,16:20,16:40,20,133
22354,4,KPD,KATPADI JN,1,17:45,17:50,5,217
22354,5,AJJ,ARAKKONAM JN.,1,18:43,18:45,2,278
22354,6,PER,PERAMBUR,1,19:30,19:35,5,341
22354,7,GDR,GUDUR JN,1,22:03,22:05,2,478
22354,8,BZA,VIJAYAWADA JN,2,02:25,02:35,10,771
22354,9,WL,WARANGAL,2,05:33,05:35,2,977
22354,10,BPQ,BALHARSHAH,2,09:55,10:00,5,1223
22354,11,CD,CHANDRAPUR,2,10:15,10:17,2,1237
22354,12,NGP,NAGPUR JN.,2,13:05,13:10,5,1432
22354,13,BZU,BETUL,2,15:30,15:32,2,1620
22354,14,ET,ITARSI JN,2,18:40,18:50,10,1727
22354,15,PPI,PIPARIYA,2,19:38,19:40,2,1794
22354,16,JBP,JABALPUR,2,22:30,22:40,10,1972
22354,17,KTE,KATNI,2,23:50,23:55,5,2063
22354,18,STA,SATNA,3,01:05,01:10,5,2161
22354,19,PCOI,PRAYAGRAJ CHHEOKI,3,04:22,04:27,5,2331
22354,20,DDU,PT.DEEN DAYAL UPADHYAYA JN.,3,06:58,07:05,7,2475
22354,21,BXR,BUXAR,3,08:12,08:14,2,2565
22354,22,ARA,ARA,3,09:03,09:05,2,2633
22354,23,PNBE,PATNA JN,3,10:25,,0,2682
22416,1,NDLS,NEW DELHI,1,,15:00,0,0
22416,2,CNB,KANPUR CENTRAL,1,19:08,19:12,4,441
22416,3,PRYJ,PRAYAGRAJ JN,1,21:11,21:15,4,635
22416,4,BSB,VARANASI,1,23:05,,0,759
22425,1,AYC,AYODHYA CANTT,1,,15:25,0,0
22425,2,LKO,LUCKNOW JN.,1,17:10,17:15,5,127
22425,3,CNB,KANPUR CENTRAL,1,18:35,18:40,5,201
22425,4,ALJN,ALIGARH JN,1,21:33,21:35,2,510
22425,5,KRJ,KHURJA JN,1,22:03,22:05,2,554
22425,6,ANVT,ANAND VIHAR TERMINAL,1,23:40,,0,629
22430,1,PTK,PATHANKOT,1,,07:00,0,0
22430,2,DNN,DINA NAGAR,1,07:27,07:29,2,24
22430,3,GSP,GURDASPUR,1,07:39,07:41,2,35
22430,4,DHW,DHARIWAL,1,07:54,07:56,2,49
22430,5,BAT,BATALA JN,1,08:21,08:23,2,68
22430,6,ASR,AMRITSAR,1,09:00,09:30,30,107
22430,7,BEAS,BEAS,1,09:58,10:00,2,149
22430,8,JUC,JALANDHAR CITY,1,10:35,10:40,5,186
22430,9,LDH,LUDHIANA JN,1,11:40,11:50,10,242
22430,10,SIR,SIRHIND JN,1,12:40,12:42,2,303
22430,11,UMB,AMBALA CANT JN,1,13:40,13:50,10,356
22430,12,KKDE,KURUKSHETRA JN,1,14:20,14:22,2,397
22430,13,KUN,KARNAL,1,14:45,14:47,2,431
22430,14,PNP,PANIPAT JN,1,15:09,15:11,2,465
22430,15,SNP,SONIPAT,1,15:39,15:41,2,510
22430,16,SZM,SUBZI MANDI,1,16:12,16:14,2,550
22430,17,DLI,DELHI JN.,1,16:55,,0,553
22446,1,ASR,AMRITSAR,1,,12:45,0,0
22446,2,BEAS,BEAS,1,13:13,13:15,2,42
22446,3,JUC,JALANDHAR CITY,1,13:52,13:58,6,79
22446,4,PGW,PHAGWARA JN,1,14:16,14:18,2,100
22446,5,LDH,LUDHIANA JN,1,14:52,15:02,10,135
22446,6,RPJ,RAJPURA JN,1,16:07,16:09,2,221
22446,7,UMB,AMBALA CANT JN,1,16:45,16:50,5,249
22446,8,SRE,SAHARANPUR JN.,1,18:00,18:10,10,330
22446,9,RK,ROORKEE,1,18:55,18:57,2,365
22446,10,LRJ,LAKSAR JN,1,19:14,19:16,2,383
22446,11,MB,MORADABAD,1,21:20,21:30,10,523
22446,12,BE,BAREILLY(NR),1,22:47,22:52,5,613
22446,13,ON,UNNAO JN,2,04:13,04:15,2,880
22446,14,CNB,KANPUR CENTRAL,2,04:50,,0,897
22447,1,NDLS,NEW DELHI,1,,05:50,0,0
22447,2,UMB,AMBALA CANT JN,1,08:00,08:02,2,198
22447,3,CDG,CHANDIGARH,1,08:38,08:45,7,243
22447,4,ANSB,ANANDPUR SAHIB,1,10:00,10:02,2,348
22447,5,NLDM,NANGAL DAM,1,10:16,10:18,2,368
22447,6,UHL,UNA HIMACHAL,1,10:36,10:38,2,384
22447,7,AADR,AMB  ANDAURA,1,11:10,,0,412
22458,1,DDN,DEHRADOON,1,,07:00,0,0
22458,2,HW,HARIDWAR JN,1,08:05,08:09,4,52
22458,3,RK,ROORKEE,1,08:48,08:50,2,93
22458,4,SRE,SAHARANPUR JN.,1,09:27,09:32,5,128
22458,5,DBD,DEOBAND,1,09:52,09:54,2,162
22458,6,MOZ,MUZAFFARNAGAR,1,10:07,10:09,2,186
22458,7,MTC,MEERUT CITY,1,10:37,10:39,2,241
22458,8,ANVT,ANAND VIHAR TERMINAL,1,11:45,,0,301
22469,1,KURJ,KHAJURAHO,1,,14:50,0,0
22469,2,MCSC,MAHARAJA CHHATRASAL STATION CHHATARPUR,1,15:15,15:17,2,31
22469,3,TKMG,TIKAMGARH,1,16:10,16:12,2,114
22469,4,LAR,LALITPUR,1,17:10,17:20,10,165
22469,5,VGLJ,VIRANGANA LAKSHMIBAI JHANSI JN,1,18:20,18:25,5,254
22469,6,DAA,DATIA,1,18:42,18:44,2,279
22469,7,GWL,GWALIOR JN.,1,19:28,19:33,5,353
22469,8,AGC,AGRA CANTT JN,1,20:55,21:00,5,471
22469,9,NZM,HAZRAT NIZAMUDDIN JN,1,23:10,,0,658
22470,1,NZM,HAZRAT NIZAMUDDIN JN,1,,06:00,0,0
22470,2,AGC,AGRA CANTT JN,1,07:40,07:45,5,187
22470,3,GWL,GWALIOR JN.,1,09:05,09:10,5,305
22470,4,DAA,DATIA,1,09:59,10:01,2,379
22470,5,VGLJ,VIRANGANA LAKSHMIBAI JHANSI JN,1,10:30,10:35,5,404
22470,6,LAR,LALITPUR,1,11:35,11:45,10,492
22470,7,TKMG,TIKAMGARH,1,12:21,12:23,2,544
22470,8,MCSC,MAHARAJA CHHATRASAL STATION CHHATARPUR,1,13:16,13:18,2,627
22470,9,KURJ,KHAJURAHO,1,14:20,,0,658
22474,1,BDTS,BANDRA TERMINUS,1,,14:40,0,0
22474,2,BVI,BORIVALI,1,15:00,15:03,3,19
22474,3,BL,VALSAD,1,16:58,17:00,2,183
22474,4,NVS,NAVSARI,1,17:23,17:25,2,222
22474,5,ST,SURAT,1,18:04,18:09,5,252
22474,6,BH,BHARUCH JN,1,18:47,18:49,2,311
22474,7,BRC,VADODARA JN,1,19:42,19:47,5,381
22474,8,ANND,ANAND JN,1,20:16,20:18,2,417
22474,9,ND,NADIAD JN,1,20:41,20:43,2,435
22474,10,ADI,AHMEDABAD JN,1,21:35,21:45,10,481
22474,11,MSH,MAHESANA JN,1,22:56,22:58,2,549
22474,12,UJA,UNJHA,1,23:17,23:19,2,570
22474,13,PNU,PALANPUR JN,2,00:23,00:25,2,614
22474,14,ABR,ABU ROAD,2,01:00,01:10,10,667
22474,15,SJWB,SUMERPUR JAWAI BANDH,2,02:07,02:09,2,749
22474,16,MJ,MARWAR JN,2,03:25,03:30,5,832
22474,17,PMY,PALI MARWAR,2,03:58,04:03,5,862
22474,18,LUNI,LUNI JN,2,04:30,04:33,3,903
22474,19,JU,JODHPUR JN,2,05:30,05:40,10,935
22474,20,MTD,MERTA ROAD JN,2,06:52,06:57,5,1040
22474,21,NGO,NAGAUR,2,07:50,07:55,5,1097
22474,22,NOK,NOKHA,2,08:43,08:45,2,1148
22474,23,BKN,BIKANER JN,2,10:25,,0,1212
22481,1,JU,JODHPUR JN,1,,18:30,0,0
22481,2,PPR,PIPAR ROAD JN,1,19:05,19:07,2,48
22481,3,MTD,MERTA ROAD JN,1,19:50,19:55,5,105
22481,4,REN,REN,1,20:10,20:12,2,122
22481,5,DNA,DEGANA JN,1,20:41,20:44,3,149
22481,6,BKTU,BARI KHATU,1,21:05,21:07,2,174
22481,7,CTKT,CHHOTI KHATU,1,21:14,21:16,2,179
22481,8,DIA,DIDWANA,1,21:35,21:40,5,215
22481,9,LAU,LADNUN,1,22:13,22:18,5,246
22481,10,SUJH,SUJANGARH,1,22:33,22:38,5,255
22481,11,TLC,TALCHHAPAR,1,22:53,22:55,2,269
22481,12,RTGH,RATANGARH JN,1,23:30,23:33,3,301
22481,13,CUR,CHURU,2,00:05,00:15,10,344
22481,14,SDLP,SADULPUR JN,2,01:05,01:10,5,402
22481,15,LHU,LOHARU,2,01:45,01:48,3,452
22481,16,MHRG,MAHENDRAGARH,2,02:21,02:23,2,493
22481,17,RE,REWARI JN.,2,03:37,03:40,3,543
22481,18,PTRD,PATAUDI ROAD,2,04:02,04:04,2,564
22481,19,GGN,GURGAON,2,04:27,04:29,2,594
22481,20,DEE,DELHI SARAI ROHILLA,2,05:20,,0,621
22499,1,DGHR,DEOGHAR,1,,15:10,0,0
22499,2,JSME,JASIDIH JN.,1,15:14,15:16,2,6
22499,3,KIUL,KIUL JN,1,16:30,16:35,5,104
22499,4,NWD,NAWADAH,1,17:38,17:40,2,175
22499,5,GAYA,GAYA JN,1,19:00,19:05,5,233
22499,6,SSM,SASARAM,1,20:14,20:16,2,336
22499,7,DDU,PT.DEEN DAYAL UPADHYAYA JN.,1,21:30,21:35,5,437
22499,8,BSB,VARANASI,1,22:30,,0,455
22543,1,BDTS,BANDRA TERMINUS,1,,11:00,0,0
22543,2,BVI,BORIVALI,1,11:19,11:22,3,19
22543,3,VAPI,VAPI,1,12:58,13:00,2,157
22543,4,ST,SURAT,1,14:19,14:24,5,252
22543,5,BRC,VADODARA JN,1,16:01,16:11,10,381
22543,6,RTM,RATLAM JN,1,21:10,21:15,5,638
22543,7,KOTA,KOTA JN,2,00:30,00:35,5,903
22543,8,SWM,SAWAI MADHOPUR JN,2,01:43,01:45,2,1011
22543,9,BTE,BHARATPUR JN,2,04:08,04:10,2,1194
22543,10,MTJ,MATHURA JN.,2,04:55,05:00,5,1227
22543,11,NZM,HAZRAT NIZAMUDDIN JN,2,07:30,07:45,15,1361
22543,12,GZB,GHAZIABAD,2,08:28,08:30,2,1388
22543,13,HPU,HAPUR,2,09:08,09:13,5,1425
22543,14,AMRO,AMROHA,2,10:07,10:09,2,1499
22543,15,MB,MORADABAD,2,11:05,11:15,10,1529
22543,16,RMU,RAMPUR,2,11:51,11:53,2,1557
22543,17,RUPC,RUDRAPUR CITY,2,12:18,12:23,5,1602
22543,18,LKU,LALKUA JN.,2,13:20,,0,1623
22546,1,DDN,DEHRADOON,1,,14:25,0,0
22546,2,HW,HARIDWAR JN,1,15:31,15:36,5,52
22546,3,NBD,NAJIBABAD JN,1,16:21,16:23,2,120
22546,4,MB,MORADABAD,1,17:38,17:43,5,218
22546,5,BE,BAREILLY(NR),1,18:57,18:59,2,309
22546,6,SPN,SHAHJAHANPUR JN.,1,20:04,20:06,2,380
22546,7,LJN,LUCKNOW,1,22:40,,0,544
22551,1,DBG,DARBHANGA JN,1,,03:25,0,0
22551,2,SMI,SITAMARHI JUNCTION,1,04:28,04:30,2,68
22551,3,RXL,RAXAUL JN,1,05:58,06:00,2,153
22551,4,SGL,SAGAULI JN,1,06:26,06:28,2,183
22551,5,BTH,BETTIAH,1,06:44,06:46,2,204
22551,6,NKE,NARKATIAGANJ JN,1,07:25,07:30,5,241
22551,7,HIR,HARINAGAR,1,07:48,07:50,2,256
22551,8,GKP,GORAKHPUR JN,1,10:40,10:50,10,392
22551,9,STP,SITAPUR JN.,1,16:40,16:50,10,704
22551,10,BE,BAREILLY(NR),1,19:18,19:20,2,866
22551,11,MB,MORADABAD,1,20:50,21:00,10,957
22551,12,LRJ,LAKSAR JN,1,23:15,23:20,5,1096
22551,13,SRE,SAHARANPUR JN.,2,00:35,00:40,5,1149
22551,14,UMB,AMBALA CANT JN,2,02:03,02:16,13,1230
22551,15,LDH,LUDHIANA JN,2,03:44,03:54,10,1344
22551,16,JUC,JALANDHAR CITY,2,05:10,,0,1401
22564,1,UDN,UDHNA JN,1,,08:35,0,0
22564,2,NDB,NANDURBAR,1,10:25,10:30,5,156
22564,3,AN,AMALNER,1,11:43,11:45,2,251
22564,4,JL,JALGAON JN,1,13:02,13:05,3,307
22564,5,BSL,BHUSAVAL JN,1,13:30,13:35,5,331
22564,6,KNW,KHANDWA JUNCTION,1,15:25,15:30,5,454
22564,7,HD,HARDA,1,16:50,16:52,2,561
22564,8,ET,ITARSI JN,1,18:15,18:25,10,637
22564,9,PPI,PIPARIYA,1,19:16,19:18,2,704
22564,10,NU,NARSINGHPUR,1,20:22,20:24,2,798
22564,11,JBP,JABALPUR,1,21:55,22:05,10,882
22564,12,KTE,KATNI,1,23:25,23:30,5,973
22564,13,STA,SATNA,2,00:45,00:50,5,1071
22564,14,SRJ,SHANKARGARH,2,03:05,03:06,1,1204
22564,15,PCOI,PRAYAGRAJ CHHEOKI,2,04:00,04:02,2,1241
22564,16,MZP,MIRZAPUR,2,04:58,05:00,2,1321
22564,17,DDU,PT.DEEN DAYAL UPADHYAYA JN.,2,06:33,06:40,7,1385
22564,18,BXR,BUXAR,2,07:40,07:42,2,1474
22564,19,ARA,ARA,2,08:28,08:30,2,1543
22564,20,PNBE,PATNA JN,2,09:38,09:45,7,1592
22564,21,MKA,MOKAMA,2,10:48,10:50,2,1681
22564,22,BJU,BARAUNI JN,2,12:55,13:05,10,1700
22564,23,SPJ,SAMASTIPUR JN,2,14:15,14:20,5,1751
22564,24,DBG,DARBHANGA JN,2,15:55,16:00,5,1788
22564,25,JYG,JAYNAGAR,2,18:30,,0,1856
22626,1,SBC,KSR BENGALURU,1,,13:30,0,0
22626,2,BNC,BANGALORE CANT,1,13:41,13:42,1,4
22626,3,KJM,KRISHNARAJAPURM,1,13:52,13:54,2,14
22626,4,BWT,BANGARAPET JN.,1,14:37,14:38,1,70
22626,5,KPN,KUPPAM,1,15:04,15:05,1,102
22626,6,JTJ,JOLARPETTAI JN.,1,16:00,16:05,5,140
22626,7,VN,VANIYAMBADI,1,16:20,16:22,2,155
22626,8,AB,AMBUR,1,16:35,16:37,2,172
22626,9,KPD,KATPADI JN,1,17:18,17:20,2,224
22626,10,AJJ,ARAKKONAM JN.,1,18:13,18:15,2,285
22626,11,TRL,TIRUVALLUR,1,18:38,18:40,2,312
22626,12,PER,PERAMBUR,1,19:03,19:05,2,348
22626,13,MAS,PURATCHI THALAIVAR DR. MGR CTL,1,19:45,,0,354
22643,1,ERS,ERNAKULAM JN,1,,17:20,0,0
22643,2,AWY,ALUVA,1,17:43,17:45,2,19
22643,3,TCR,THRISUR,1,18:33,18:36,3,74
22643,4,PGT,PALAKKAD JN,1,20:12,20:15,3,150
22643,5,CBE,COIMBATORE JN,1,21:40,21:45,5,207
22643,6,TUP,TIRUPPUR,1,22:28,22:30,2,258
22643,7,ED,ERODE JN,1,23:15,23:20,5,308
22643,8,SA,SALEM JN,2,00:17,00:20,3,367
22643,9,JTJ,JOLARPETTAI JN.,2,02:03,02:05,2,491
22643,10,KPD,KATPADI JN,2,03:10,03:25,15,575
22643,11,PER,PERAMBUR,2,05:05,05:10,5,698
22643,12,OGL,ONGOLE,2,10:18,10:20,2,990
22643,13,BZA,VIJAYAWADA JN,2,12:50,13:00,10,1128
22643,14,RJY,RAJAMUNDRY,2,15:18,15:20,2,1278
22643,15,VSKP,VISAKHAPATNAM,2,19:05,19:25,20,1478
22643,16,VZM,VIZIANAGRAM JN,2,20:15,20:20,5,1539
22643,17,CHE,SRIKAKULAM ROAD,2,21:08,21:10,2,1609
22643,18,PSA,PALASA,2,22:18,22:20,2,1681
22643,19,BAM,BRAHMAPUR,2,23:15,23:20,5,1755
22643,20,BALU,BALUGAN,3,00:13,00:15,2,1831
22643,21,KUR,KHURDA ROAD JN,3,01:15,01:25,10,1902
22643,22,BBS,BHUBANESWAR,3,01:50,01:55,5,1921
22643,23,CTC,CUTTACK,3,02:25,02:30,5,1948
22643,24,JJKR,JAJPUR K ROAD,3,03:18,03:20,2,2020
22643,25,BHC,BHADRAKH,3,04:18,04:20,2,2064
22643,26,BLS,BALASORE,3,05:07,05:09,2,2123
22643,27,JER,JALESWAR,3,05:55,05:57,2,2170
22643,28,HIJ,HIJLI,3,06:45,06:55,10,2235
22643,29,MDN,MIDNAPORE,3,07:53,07:55,2,2253
22643,30,VSU,BISHNUPUR,3,09:06,09:08,2,2325
22643,31,BQA,BANKURA,3,09:35,09:40,5,2355
22643,32,ADRA,ADRA,3,11:10,11:15,5,2408
22643,33,BURN,BURNPUR,3,12:10,12:11,1,2445
22643,34,ASN,ASANSOL JN.,3,13:00,13:10,10,2450
22643,35,CRJ,CHITTARANJAN,3,13:32,13:34,2,2475
22643,36,JMT,JAMTARA,3,13:47,13:49,2,2489
22643,37,MDP,MADHUPUR JN.,3,14:15,14:17,2,2531
22643,38,JSME,JASIDIH JN.,3,14:37,14:39,2,2560
22643,39,JAJ,JHAJHA,3,16:15,16:20,5,2604
22643,40,KIUL,KIUL JN,3,17:00,17:02,2,2658
22643,41,MKA,MOKAMA,3,17:31,17:33,2,2692
22643,42,BKP,BAKHTIYARPUR JN,3,18:09,18:11,2,2736
22643,43,PNC,PATNA SAHEB,3,18:40,18:45,5,2771
22643,44,RJPB,RAJENDRA NAGAR TERMINAL,3,18:55,18:57,2,2779
22643,45,PNBE,PATNA JN,3,20:00,,0,2781
22691,1,SBC,KSR BENGALURU,1,,20:00,0,0
22691,2,SSPN,SAI P NILAYAM,1,22:13,22:15,2,168
22691,3,GTL,GUNTAKAL JN,2,00:40,00:45,5,302
22691,4,RC,RAICHUR,2,02:28,02:30,2,424
22691,5,YG,YADGIR,2,03:13,03:15,2,492
22691,6,SEM,SEDAM,2,04:30,04:31,1,567
22691,7,SC,SECUNDERABAD JN,2,07:00,07:10,10,714
22691,8,KZJ,KAZIPET JN,2,08:48,08:50,2,844
22691,9,BPQ,BALHARSHAH,2,12:10,12:15,5,1084
22691,10,NGP,NAGPUR JN.,2,14:55,15:00,5,1293
22691,11,ET,ITARSI JN,2,19:18,19:20,2,1589
22691,12,BPL,BHOPAL JN.,2,20:55,21:05,10,1680
22691,13,VGLJ,VIRANGANA LAKSHMIBAI JHANSI JN,3,00:16,00:21,5,1970
22691,14,GWL,GWALIOR JN.,3,01:19,01:21,2,2068
22691,15,AGC,AGRA CANTT JN,3,02:55,02:57,2,2187
22691,16,NZM,HAZRAT NIZAMUDDIN JN,3,05:30,,0,2374
22692,1,NZM,HAZRAT NIZAMUDDIN JN,1,,19:50,0,0
22692,2,AGC,AGRA CANTT JN,1,21:45,21:47,2,187
22692,3,GWL,GWALIOR JN.,1,23:08,23:10,2,305
22692,4,VGLJ,VIRANGANA LAKSHMIBAI JHANSI JN,2,00:25,00:30,5,404
22692,5,BPL,BHOPAL JN.,2,03:45,03:55,10,693
22692,6,ET,ITARSI JN,2,05:23,05:25,2,785
22692,7,NGP,NAGPUR JN.,2,09:25,09:30,5,1080
22692,8,BPQ,BALHARSHAH,2,12:15,12:20,5,1289
22692,9,KZJ,KAZIPET JN,2,15:08,15:10,2,1529
22692,10,SC,SECUNDERABAD JN,2,17:15,17:25,10,1660
22692,11,SEM,SEDAM,2,19:29,19:30,1,1807
22692,12,YG,YADGIR,2,20:43,20:45,2,1881
22692,13,RC,RAICHUR,2,21:38,21:40,2,1950
22692,14,GTL,GUNTAKAL JN,2,23:35,23:40,5,2072
22692,15,SSPN,SAI P NILAYAM,3,01:58,02:00,2,2206
22692,16,SBC,KSR BENGALURU,3,05:20,,0,2374
22706,1,JAT,JAMMUTAVI,1,,05:45,0,0
22706,2,JRC,JALANDHAR CANT,1,09:15,09:20,5,212
22706,3,LDH,LUDHIANA JN,1,11:00,11:10,10,265
22706,4,UMB,AMBALA CANT JN,1,13:05,13:20,15,378
22706,5,DSJ,DELHI SAFDARJUNG,1,16:49,16:52,3,587
22706,6,VGLJ,VIRANGANA LAKSHMIBAI JHANSI JN,1,22:45,22:53,8,995
22706,7,RKMP,RANI KAMALAPATI,2,02:40,02:50,10,1291
22706,8,NGP,NAGPUR JN.,2,08:55,09:00,5,1672
22706,9,BPQ,BALHARSHAH,2,12:40,12:45,5,1880
22706,10,KZJ,KAZIPET JN,2,15:48,15:50,2,2120
22706,11,SC,SECUNDERABAD JN,2,18:00,18:05,5,2251
22706,12,RC,RAICHUR,2,22:53,22:55,2,2541
22706,13,GTL,GUNTAKAL JN,3,00:40,00:45,5,2663
22706,14,TPTY,TIRUPATI,3,06:40,,0,2982
22717,1,RJT,RAJKOT,1,,05:30,0,0
22717,2,WKR,WANKANER JN,1,06:08,06:10,2,42
22717,3,SUNR,SURENDRANAGAR,1,07:02,07:04,2,116
22717,4,VG,VIRAMGAM JN,1,08:15,08:17,2,181
22717,5,ADI,AHMEDABAD JN,1,09:25,09:35,10,246
22717,6,ND,NADIAD JN,1,10:31,10:33,2,292
22717,7,ANND,ANAND JN,1,10:48,10:50,2,310
22717,8,BRC,VADODARA JN,1,11:26,11:31,5,346
22717,9,AKV,ANKLESHWAR JN,1,12:35,12:39,4,425
22717,10,ST,SURAT,1,13:24,13:29,5,475
22717,11,NVS,NAVSARI,1,13:48,13:50,2,504
22717,12,BL,VALSAD,1,14:23,14:25,2,544
22717,13,VAPI,VAPI,1,14:43,14:45,2,570
22717,14,BSR,VASAI ROAD,1,16:35,16:40,5,690
22717,15,BIRD,BHIVANDI ROAD,1,17:18,17:20,2,718
22717,16,KYN,KALYAN JN,1,17:47,17:50,3,736
22717,17,LNL,LONAVALA,1,19:37,19:40,3,810
22717,18,PUNE,PUNE JN,1,21:10,21:15,5,875
22717,19,DD,DAUND JN,1,22:20,22:25,5,950
22717,20,SUR,SOLAPUR JN,2,01:00,01:05,5,1138
22717,21,KLBG,KALABURAGI,2,02:35,02:38,3,1251
22717,22,WADI,WADI JN.,2,03:20,03:25,5,1287
22717,23,CT,CHITTAPUR,2,03:49,03:50,1,1302
22717,24,SEM,SEDAM,2,04:04,04:05,1,1324
22717,25,TDU,TANDUR,2,04:39,04:40,1,1358
22717,26,LPI,LINGAMPALLI,2,06:09,06:10,1,1448
22717,27,BMT,BEGAMPET,2,06:34,06:35,1,1467
22717,28,SC,SECUNDERABAD JN,2,07:30,,0,1471
22802,1,MAS,PURATCHI THALAIVAR DR. MGR CTL,1,,10:00,0,0
22802,2,SPE,SULLURUPETA,1,11:13,11:15,2,80
22802,3,GDR,GUDUR JN,1,11:48,11:50,2,135
22802,4,NLR,NELLORE,1,12:19,12:20,1,174
22802,5,OGL,ONGOLE,1,13:49,13:50,1,290
22802,6,TEL,TENALI JN,1,15:18,15:20,2,397
22802,7,BZA,VIJAYAWADA JN,1,16:10,16:20,10,428
22802,8,EE,ELURU,1,17:03,17:05,2,488
22802,9,TDD,TADEPALLIGUDEM,1,17:43,17:45,2,535
22802,10,RJY,RAJAMUNDRY,1,18:28,18:30,2,577
22802,11,SLO,SAMALKOT JN,1,19:14,19:15,1,628
22802,12,ANV,ANNAVARAM,1,19:39,19:40,1,665
22802,13,AKP,ANAKAPALLE,1,20:53,20:55,2,745
22802,14,DVD,DUVVADA,1,21:40,21:42,2,761
22802,15,VSKP,VISAKHAPATNAM,1,22:30,,0,778
22809,1,PRDP,PARADEEP,1,,22:15,0,0
22809,2,RHMA,RAHAMA,1,22:42,22:44,2,23
22809,3,CTC,CUTTACK,2,23:45,00:05,20,83
22809,4,BBS,BHUBANESWAR,2,00:35,00:40,5,110
22809,5,KUR,KHURDA ROAD JN,2,01:00,01:10,10,129
22809,6,BALU,BALUGAN,2,02:03,02:05,2,200
22809,7,CAP,CHATRAPUR,2,02:27,02:29,2,254
22809,8,BAM,BRAHMAPUR,2,02:50,02:52,2,276
22809,9,IPM,ICHCHPURAM,2,03:08,03:10,2,300
22809,10,SPT,SOMPETA,2,03:28,03:30,2,318
22809,11,PSA,PALASA,2,04:20,04:22,2,350
22809,12,CHE,SRIKAKULAM ROAD,2,05:23,05:25,2,423
22809,13,CPP,CHIPURUPALLE,2,05:50,05:52,2,461
22809,14,VZM,VIZIANAGRAM JN,2,06:20,06:25,5,492
22809,15,VSKP,VISAKHAPATNAM,2,08:15,,0,553
22823,1,BBS,BHUBANESWAR,1,,09:30,0,0
22823,2,CTC,CUTTACK,1,09:54,09:56,2,27
22823,3,BHC,BHADRAKH,1,11:30,11:32,2,143
22823,4,BLS,BALASORE,1,12:08,12:10,2,202
22823,5,HIJ,HIJLI,1,13:32,13:40,8,314
22823,6,TATA,TATANAGAR JN,1,15:45,15:50,5,447
22823,7,MURI,MURI JN,1,17:55,17:57,2,551
22823,8,BKSC,BOKARO STEEL CITY,1,18:50,18:55,5,603
22823,9,GMO,NSC BOSE J GOMO,1,20:00,20:05,5,636
22823,10,KQR,KODERMA,1,20:56,20:58,2,729
22823,11,GAYA,GAYA JN,1,22:17,22:20,3,805
22823,12,DDU,PT.DEEN DAYAL UPADHYAYA JN.,2,00:33,00:40,7,1009
22823,13,PRYJ,PRAYAGRAJ JN,2,02:30,02:32,2,1162
22823,14,CNB,KANPUR CENTRAL,2,04:35,04:40,5,1356
22823,15,NDLS,NEW DELHI,2,09:55,,0,1797
22824,1,NDLS,NEW DELHI,1,,17:00,0,0
22824,2,CNB,KANPUR CENTRAL,1,21:40,21:45,5,441
22824,3,PRYJ,PRAYAGRAJ JN,1,23:51,23:53,2,635
22824,4,DDU,PT.DEEN DAYAL UPADHYAYA JN.,2,01:43,01:50,7,788
22824,5,GAYA,GAYA JN,2,04:10,04:13,3,992
22824,6,KQR,KODERMA,2,05:18,05:20,2,1068
22824,7,GMO,NSC BOSE J GOMO,2,06:25,06:30,5,1161
22824,8,BKSC,BOKARO STEEL CITY,2,07:25,07:30,5,1193
22824,9,MURI,MURI JN,2,08:18,08:20,2,1246
22824,10,TATA,TATANAGAR JN,2,10:35,10:40,5,1350
22824,11,HIJ,HIJLI,2,12:40,12:50,10,1483
22824,12,BLS,BALASORE,2,14:08,14:10,2,1595
22824,13,BHC,BHADRAKH,2,15:05,15:07,2,1654
22824,14,CTC,CUTTACK,2,16:33,16:35,2,1770
22824,15,BBS,BHUBANESWAR,2,17:30,,0,1797
22831,1,HWH,HOWRAH JN,1,,14:45,0,0
22831,2,KGP,KHARAGPUR JN,1,16:20,16:25,5,116
22831,3,BLS,BALASORE,1,17:50,17:52,2,237
22831,4,BBS,BHUBANESWAR,1,21:10,21:15,5,438
22831,5,KUR,KHURDA ROAD JN,1,21:30,21:40,10,457
22831,6,BAM,BRAHMAPUR,1,23:23,23:25,2,604
22831,7,VZM,VIZIANAGRAM JN,2,02:40,02:50,10,820
22831,8,DVD,DUVVADA,2,04:38,04:40,2,885
22831,9,BZA,VIJAYAWADA JN,2,09:40,09:50,10,1218
22831,10,GNT,GUNTUR JN,2,10:35,10:40,5,1253
22831,11,NRT,NARASARAOPET,2,11:30,11:31,1,1287
22831,12,MRK,MARKAPUR ROAD,2,13:08,13:09,1,1389
22831,13,GID,GIDDALUR,2,14:12,14:13,1,1448
22831,14,NDL,NANDYAL,2,15:45,15:50,5,1502
22831,15,DHNE,DHONE JN,2,17:23,17:25,2,1578
22831,16,GY,GOOTY,2,18:33,18:35,2,1631
22831,17,ATP,ANANTAPUR,2,19:33,19:35,2,1688
22831,18,DMM,DHARMAVARAM JN,2,20:35,20:45,10,1722
22831,19,SSPN,SAI P NILAYAM,2,21:15,21:17,2,1755
22831,20,HUP,HINDUPUR,2,22:03,22:05,2,1812
22831,21,YNK,YELAHANKA JN.,2,23:18,23:20,2,1895
22831,22,YPR,YESVANTPUR JN.,3,00:55,,0,1906
22844,1,BXR,BUXAR,1,,21:40,0,0
22844,2,DURE,DUMRAON,1,21:54,21:56,2,16
22844,3,RPR,RAGHUNATHPUR,1,22:08,22:10,2,33
22844,4,BEA,BIHIYA,1,22:22,22:24,2,47
22844,5,ARA,ARA,1,22:50,22:52,2,69
22844,6,BTA,BIHTA,1,23:08,23:10,2,91
22844,7,DNR,DANAPUR,1,23:26,23:28,2,108
22844,8,PNBE,PATNA JN,2,00:03,00:10,7,118
22844,9,PNC,PATNA SAHEB,2,00:23,00:25,2,128
22844,10,FUT,FATUHA,2,00:35,00:37,2,140
22844,11,BKP,BAKHTIYARPUR JN,2,00:54,00:56,2,163
22844,12,MKA,MOKAMA,2,01:22,01:24,2,207
22844,13,KIUL,KIUL JN,2,01:48,01:50,2,241
22844,14,JAJ,JHAJHA,2,03:15,03:20,5,295
22844,15,JSME,JASIDIH JN.,2,03:51,03:53,2,339
22844,16,MDP,MADHUPUR JN.,2,04:13,04:15,2,368
22844,17,CRJ,CHITTARANJAN,2,04:53,04:55,2,424
22844,18,ASN,ASANSOL JN.,2,05:45,06:05,20,449
22844,19,JOC,JOYCHANDI PAHAR,2,06:50,06:52,2,486
22844,20,PRR,PURULIA JN.,2,07:30,07:32,2,525
22844,21,TATA,TATANAGAR JN,2,09:30,09:55,25,615
22844,22,CKP,CHAKARADHARPUR,2,10:48,10:50,2,678
22844,23,ROU,ROURKELA,2,12:07,12:15,8,779
22844,24,GP,RAJ GANGPUR,2,12:40,12:42,2,809
22844,25,JSG,JHARSUGUDA JN,2,14:03,14:05,2,880
22844,26,BRJN,BRAJRAJNAGAR,2,14:25,14:27,2,892
22844,27,RIG,RAIGARH,2,15:08,15:10,2,952
22844,28,CPH,CHAMPA,2,16:08,16:10,2,1032
22844,29,BSP,BILASPUR JN.,2,17:20,,0,1085
22851,1,SRC,SANTRAGACHI JN,1,,14:55,0,0
22851,2,KGP,KHARAGPUR JN,1,16:20,16:25,5,108
22851,3,JER,JALESWAR,1,17:12,17:14,2,182
22851,4,BLS,BALASORE,1,17:47,17:52,5,229
22851,5,JJKR,JAJPUR K ROAD,1,19:20,19:22,2,332
22851,6,CTC,CUTTACK,1,20:39,20:44,5,404
22851,7,BBS,BHUBANESWAR,1,21:10,21:15,5,431
22851,8,KUR,KHURDA ROAD JN,1,21:30,21:40,10,450
22851,9,BAM,BRAHMAPUR,1,23:23,23:25,2,597
22851,10,SPT,SOMPETA,2,00:01,00:03,2,639
22851,11,PSA,PALASA,2,00:50,00:52,2,671
22851,12,CHE,SRIKAKULAM ROAD,2,01:43,01:45,2,743
22851,13,VZM,VIZIANAGRAM JN,2,02:38,02:40,2,813
22851,14,VSKP,VISAKHAPATNAM,2,03:40,04:00,20,874
22851,15,SLO,SAMALKOT JN,2,06:03,06:05,2,1024
22851,16,RJY,RAJAMUNDRY,2,06:43,06:45,2,1074
22851,17,EE,ELURU,2,08:03,08:05,2,1164
22851,18,BZA,VIJAYAWADA JN,2,09:30,09:40,10,1224
22851,19,OGL,ONGOLE,2,11:38,11:40,2,1362
22851,20,NLR,NELLORE,2,13:08,13:10,2,1478
22851,21,GDR,GUDUR JN,2,13:43,13:45,2,1517
22851,22,RU,RENIGUNTA JN,2,15:05,15:15,10,1600
22851,23,TPTY,TIRUPATI,2,15:55,16:00,5,1610
22851,24,CTO,CHITTOOR,2,17:18,17:20,2,1681
22851,25,KPD,KATPADI JN,2,18:35,18:40,5,1714
22851,26,SA,SALEM JN,2,21:27,21:30,3,1921
22851,27,ED,ERODE JN,2,22:35,22:40,5,1981
22851,28,TUP,TIRUPPUR,2,23:23,23:25,2,2031
22851,29,CBE,COIMBATORE JN,3,00:27,00:30,3,2081
22851,30,PGT,PALAKKAD JN,3,02:00,02:05,5,2137
22851,31,SRR,SHORANUR JN,3,03:00,03:05,5,2181
22851,32,TIR,TIRUR,3,03:43,03:45,2,2226
22851,33,CLT,KOZHIKKODE,3,04:27,04:30,3,2267
22851,34,BDJ,VADAKARA,3,05:08,05:10,2,2313
22851,35,TLY,THALASSERY,3,05:33,05:35,2,2335
22851,36,CAN,KANNUR,3,06:05,06:10,5,2356
22851,37,PAY,PAYYANUR,3,06:34,06:35,1,2390
22851,38,KZE,KANHANGAD,3,07:03,07:05,2,2419
22851,39,KGQ,KASARAGOD,3,07:28,07:30,2,2442
22851,40,MAQ,MANGALORE CENTRAL,3,08:50,,0,2485
22925,1,SBT,SABARMATI JN,1,,06:15,0,0
22925,2,ABD,AMBLI ROAD,1,06:23,06:25,2,11
22925,3,SAU,SANAND,1,06:35,06:37,2,23
22925,4,VG,VIRAMGAM JN,1,07:00,07:02,2,60
22925,5,SUNR,SURENDRANAGAR,1,07:48,07:50,2,124
22925,6,WKR,WANKANER JN,1,08:43,08:45,2,199
22925,7,RJT,RAJKOT,1,09:31,09:36,5,241
22925,8,JAM,JAMNAGAR,1,10:43,10:48,5,325
22925,9,DWK,DWARKA,1,12:42,12:47,5,464
22925,10,OKHA,OKHA,1,13:20,,0,493
22930,1,BRC,VADODARA JN,1,,06:20,0,0
22930,2,VS,VISHVAMITRI JN.,1,06:25,06:26,1,3
22930,3,MYG,MIYAGAM KARJAN,1,06:37,06:38,1,30
22930,4,PLJ,PALEJ,1,06:53,06:54,1,45
22930,5,BH,BHARUCH JN,1,07:21,07:23,2,70
22930,6,AKV,ANKLESHWAR JN,1,07:32,07:34,2,80
22930,7,KSB,KOSAMBA JN,1,07:56,07:57,1,98
22930,8,KIM,KIM,1,08:05,08:07,2,106
22930,9,ST,SURAT,1,08:32,08:35,3,129
22930,10,NVS,NAVSARI,1,08:58,09:00,2,159
22930,11,BIM,BILIMORA JN,1,09:13,09:15,2,180
22930,12,BL,VALSAD,1,09:33,09:35,2,198
22930,13,VAPI,VAPI,1,09:53,09:55,2,224
22930,14,BLD,BHILAD,1,10:03,10:05,2,235
22930,15,UBR,UMBARGAM ROAD,1,10:28,10:30,2,252
22930,16,DRD,DAHANU ROAD,1,11:10,,0,272
22948,1,BGP,BHAGALPUR,1,,06:50,0,0
22948,2,SGG,SULTANGANJ,1,07:03,07:05,2,24
22948,3,BUP,BARIARPUR,1,07:24,07:26,2,42
22948,4,JMP,JAMALPUR JN,1,07:43,07:51,8,53
22948,5,AHA,ABHAIPUR,1,08:10,08:12,2,75
22948,6,KJH,KAJRA,1,08:20,08:22,2,82
22948,7,KIUL,KIUL JN,1,09:05,09:10,5,98
22948,8,MKA,MOKAMA,1,09:41,09:43,2,132
22948,9,BKP,BAKHTIYARPUR JN,1,10:09,10:11,2,176
22948,10,PNBE,PATNA JN,1,11:08,11:15,7,221
22948,11,DNR,DANAPUR,1,11:28,11:30,2,231
22948,12,ARA,ARA,1,12:08,12:10,2,270
22948,13,BXR,BUXAR,1,12:55,12:57,2,339
22948,14,DLN,DILDARNAGAR JN,1,13:20,13:22,2,375
22948,15,DDU,PT.DEEN DAYAL UPADHYAYA JN.,1,15:58,16:05,7,429
22948,16,CAR,CHUNAR,1,16:53,16:55,2,461
22948,17,MZP,MIRZAPUR,1,17:23,17:25,2,492
22948,18,BDL,VINDHYACHAL,1,17:38,17:40,2,499
22948,19,PCOI,PRAYAGRAJ CHHEOKI,1,19:00,19:05,5,573
22948,20,MKP,MANIKPUR JN,1,21:13,21:15,2,665
22948,21,STA,SATNA,1,22:10,22:15,5,742
22948,22,KTE,KATNI,1,23:30,23:35,5,841
22948,23,JBP,JABALPUR,2,01:00,01:10,10,931
22948,24,PPI,PIPARIYA,2,03:08,03:10,2,1109
22948,25,ET,ITARSI JN,2,04:50,05:00,10,1176
22948,26,HD,HARDA,2,05:48,05:50,2,1252
22948,27,KNW,KHANDWA JUNCTION,2,07:43,07:45,2,1359
22948,28,BAU,BURHANPUR,2,08:38,08:40,2,1428
22948,29,BSL,BHUSAVAL JN,2,09:35,09:40,5,1482
22948,30,JL,JALGAON JN,2,10:20,10:25,5,1506
22948,31,AN,AMALNER,2,11:28,11:30,2,1562
22948,32,DDE,DONDAICHA,2,12:13,12:15,2,1623
22948,33,NDB,NANDURBAR,2,13:00,13:05,5,1657
22948,34,NWU,NAVAPUR,2,13:50,13:52,2,1715
22948,35,VYA,VYARA,2,14:29,14:30,1,1757
22948,36,UDN,UDHNA JN,2,15:23,15:25,2,1813
22948,37,ST,SURAT,2,15:52,,0,1817
22961,1,MMCT,MUMBAI CENTRAL,1,,15:45,0,0
22961,2,BVI,BORIVALI,1,16:10,16:13,3,30
22961,3,VAPI,VAPI,1,17:40,17:42,2,168
22961,4,ST,SURAT,1,18:38,18:43,5,262
22961,5,BRC,VADODARA JN,1,20:07,20:10,3,392
22961,6,ADI,AHMEDABAD JN,1,21:15,,0,491
22965,1,BDTS,BANDRA TERMINUS,1,,23:55,0,0
22965,2,BVI,BORIVALI,2,00:20,00:25,5,19
22965,3,BL,VALSAD,2,02:23,02:25,2,183
22965,4,ST,SURAT,2,03:29,03:34,5,252
22965,5,BRC,VADODARA JN,2,05:21,05:26,5,381
22965,6,ADI,AHMEDABAD JN,2,07:25,07:35,10,481
22965,7,MSH,MAHESANA JN,2,08:55,08:57,2,549
22965,8,ABR,ABU ROAD,2,11:05,11:15,10,667
22965,9,MJ,MARWAR JN,2,13:25,13:30,5,832
22965,10,PMY,PALI MARWAR,2,13:58,14:03,5,862
22965,11,BGKT,BHAGAT KI KOTHI,2,15:25,,0,932
26401,1,JAT,JAMMUTAVI,1,,06:20,0,0
26401,2,MCTM,MARTYR CAPTAIN TUSHAR MAHAJAN,1,07:39,07:41,2,53
26401,3,SVDK,SHRI MATA VAISHNO DEVI KATRA,1,08:05,08:10,5,78
26401,4,REAI,REASI,1,08:28,08:30,2,96
26401,5,BAHL,BANIHAL,1,09:56,09:58,2,189
26401,6,SINA,SRI NAGAR,1,11:10,,0,267
26403,1,JAT,JAMMUTAVI,1,,13:20,0,0
26403,2,MCTM,MARTYR CAPTAIN TUSHAR MAHAJAN,1,14:16,14:18,2,53
26403,3,SVDK,SHRI MATA VAISHNO DEVI KATRA,1,14:50,14:55,5,78
26403,4,BAHL,BANIHAL,1,16:40,16:42,2,189
26403,5,SINA,SRI NAGAR,1,18:05,,0,267
26404,1,SINA,SRI NAGAR,1,,08:00,0,0
26404,2,BAHL,BANIHAL,1,09:00,09:02,2,78
26404,3,SVDK,SHRI MATA VAISHNO DEVI KATRA,1,11:05,11:10,5,189
26404,4,MCTM,MARTYR CAPTAIN TUSHAR MAHAJAN,1,11:35,11:37,2,214
26404,5,JAT,JAMMUTAVI,1,12:45,,0,267
26405,1,ASR,AMRITSAR,1,,16:40,0,0
26405,2,BAT,BATALA JN,1,17:18,17:20,2,39
26405,3,GSP,GURDASPUR,1,17:58,18:00,2,71
26405,4,PTK,PATHANKOT,1,18:32,18:42,10,107
26405,5,JAT,JAMMUTAVI,1,20:03,20:05,2,206
26405,6,SVDK,SHRI MATA VAISHNO DEVI KATRA,1,21:45,,0,284
26406,1,SVDK,SHRI MATA VAISHNO DEVI KATRA,1,,06:40,0,0
26406,2,JAT,JAMMUTAVI,1,08:03,08:05,2,78
26406,3,PTK,PATHANKOT,1,09:35,09:45,10,178
26406,4,GSP,GURDASPUR,1,10:15,10:17,2,213
26406,5,BAT,BATALA JN,1,10:54,10:56,2,246
26406,6,ASR,AMRITSAR,1,11:40,,0,284
26504,1,GTNR,GOMTI NAGAR,1,,15:10,0,0
26504,2,DAL,DALIGANJ JN.,1,15:28,15:38,10,9
26504,3,STP,SITAPUR JN.,1,16:33,16:35,2,90
26504,4,SPN,SHAHJAHANPUR JN.,1,18:05,18:10,5,180
26504,5,BE,BAREILLY(NR),1,19:04,19:09,5,251
26504,6,MB,MORADABAD,1,20:35,20:40,5,342
26504,7,NBD,NAJIBABAD JN,1,21:52,21:54,2,440
26504,8,RK,ROORKEE,1,22:40,22:42,2,499
26504,9,SRE,SAHARANPUR JN.,1,23:50,,0,534
26901,1,SBIB,SABARMATI BG,1,,06:00,0,0
26901,2,GG,GANDHIGRAM,1,06:16,06:18,2,17
26901,3,DOK,DHOLKA,1,06:50,06:52,2,63
26901,4,DCK,DHANDHUKA,1,07:35,07:37,2,122
26901,5,BTD,BOTAD JN,1,08:20,08:22,2,172
26901,6,DLJ,DHOLA JN,1,08:48,08:50,2,215
26901,7,DAS,DHASA JN,1,09:17,09:19,2,241
26901,8,CTL,CHITAL,1,09:43,09:44,1,273
26901,9,JND,JUNAGADH JN,1,11:00,11:02,2,371
26901,10,VRL,VERAVAL,1,12:55,,0,453
26963,1,UDZ,UDAIPUR CITY,1,,06:10,0,0
26963,2,ZW,ZAWAR,1,06:43,06:45,2,43
26963,3,DNRP,DUNGARPUR,1,07:47,07:49,2,119
26963,4,SJS,SHAMLAJI ROAD,1,08:28,08:30,2,172
26963,5,HMT,HIMMATNAGAR,1,09:05,09:07,2,212
26963,6,ASV,ASARVA JN,1,10:25,,0,298
26964,1,ASV,ASARVA JN,1,,17:45,0,0
26964,2,HMT,HIMMATNAGAR,1,18:53,18:55,2,85
26964,3,SJS,SHAMLAJI ROAD,1,19:18,19:20,2,126
26964,4,DNRP,DUNGARPUR,1,20:00,20:02,2,179
26964,5,ZW,ZAWAR,1,21:10,21:12,2,254
26964,6,UDZ,UDAIPUR CITY,1,22:00,,0,298
27575,1,HWH,HOWRAH JN,1,,18:20,0,0
27575,2,BDC,BANDEL,1,18:56,18:58,2,39
27575,3,NDAE,NABADWIP DHAM,1,19:36,19:38,2,105
27575,4,KWAE,KATWA,1,20:03,20:05,2,144
27575,5,AZ,AZIMGANJ JN,1,20:50,20:55,5,217
27575,6,NFK,NEW FARAKKA JN,1,21:48,21:50,2,299
27575,7,MLDT,MALDA TOWN,1,22:50,23:00,10,334
27575,8,AUB,ALUABARI ROAD,2,00:58,01:00,2,510
27575,9,NJP,NEW JALPAIGURI,2,01:40,01:50,10,566
27575,10,JPE,JALPAIGURI ROAD,2,02:20,02:22,2,600
27575,11,NCB,NEW COOCH BEHAR,2,03:30,03:35,5,693
27575,12,NOQ,NEW ALIPURDUAR,2,03:48,03:50,2,711
27575,13,NBQ,NEW BONGAIGAON,2,05:20,05:22,2,821
27575,14,RNY,RANGIYA JN.,2,06:50,06:52,2,930
27575,15,KYQ,KAMAKHYA,2,08:20,,0,971
27576,1,KYQ,KAMAKHYA,1,,18:15,0,0
27576,2,RNY,RANGIYA JN.,1,18:48,18:50,2,41
27576,3,NBQ,NEW BONGAIGAON,1,20:08,20:10,2,150
27576,4,NOQ,NEW ALIPURDUAR,1,21:23,21:25,2,260
27576,5,NCB,NEW COOCH BEHAR,1,21:40,21:45,5,278
27576,6,JPE,JALPAIGURI ROAD,1,22:55,22:57,2,371
27576,7,NJP,NEW JALPAIGURI,1,23:30,23:40,10,405
27576,8,AUB,ALUABARI ROAD,2,00:22,00:24,2,461
27576,9,MLDT,MALDA TOWN,2,03:25,03:35,10,637
27576,10,NFK,NEW FARAKKA JN,2,04:02,04:04,2,672
27576,11,AZ,AZIMGANJ JN,2,04:57,05:02,5,754
27576,12,KWAE,KATWA,2,05:46,05:48,2,827
27576,13,NDAE,NABADWIP DHAM,2,06:13,06:15,2,866
27576,14,BDC,BANDEL,2,06:58,07:00,2,932
27576,15,HWH,HOWRAH JN,2,08:15,,0,971
94801,1,ADI,AHMEDABAD JN,1,,17:25,0,0
94801,2,SBT,SABARMATI JN,1,17:36,17:37,1,5
94801,3,CLDY,CHANDLODIYA,1,17:41,17:42,1,11
94801,4,ABD,AMBLI ROAD,1,17:48,17:50,2,17
94801,5,SAU,SANAND,1,17:58,18:00,2,28
94801,6,VG,VIRAMGAM JN,1,18:25,18:27,2,65
94801,7,DHG,DHRANGADHRA,1,19:12,19:14,2,131
94801,8,HVD,HALVAD,1,19:38,19:40,2,162
94801,9,SIOB,SAMAKHIALI B G,1,20:50,20:52,2,248
94801,10,BCOB,BHACHAU BG,1,21:05,21:07,2,264
94801,11,GIMB,GANDHIDHAM BG,1,21:45,21:55,10,301
94801,12,AJE,ANJAR,1,22:13,22:15,2,317
94801,13,BHUJ,BHUJ,1,23:15,,0,359
94802,1,BHUJ,BHUJ,1,,05:15,0,0
94802,2,AJE,ANJAR,1,05:40,05:42,2,42
94802,3,GIMB,GANDHIDHAM BG,1,05:55,06:05,10,58
94802,4,BCOB,BHACHAU BG,1,06:36,06:38,2,95
94802,5,SIOB,SAMAKHIALI B G,1,06:56,06:58,2,111
94802,6,HVD,HALVAD,1,07:55,07:57,2,196
94802,7,DHG,DHRANGADHRA,1,08:25,08:27,2,227
94802,8,VG,VIRAMGAM JN,1,09:21,09:23,2,293
94802,9,SAU,SANAND,1,09:49,09:51,2,330
94802,10,ABD,AMBLI ROAD,1,10:00,10:02,2,342
94802,11,CLDY,CHANDLODIYA,1,10:09,10:11,2,347
94802,12,SBT,SABARMATI JN,1,10:18,10:20,2,353
94802,13,ADI,AHMEDABAD JN,1,10:50,,0,359
94803,1,JYG,JAYNAGAR,1,,05:00,0,0
94803,2,MBI,MADHUBANI,1,05:22,05:24,2,32
94803,3,SKI,SAKRI JN,1,05:39,05:41,2,49
94803,4,DBG,DARBHANGA JN,1,06:15,06:20,5,68
94803,5,SPJ,SAMASTIPUR JN,1,07:20,07:25,5,105
94803,6,BJU,BARAUNI JN,1,08:35,08:40,5,156
94803,7,MKA,MOKAMA,1,09:16,09:18,2,175
94803,8,BARH,BARH,1,09:35,09:37,2,201
94803,9,PNBE,PATNA JN,1,10:40,,0,264
94804,1,PNBE,PATNA JN,1,,17:55,0,0
94804,2,BARH,BARH,1,18:35,18:37,2,63
94804,3,MKA,MOKAMA,1,18:54,18:56,2,89
94804,4,BJU,BARAUNI JN,1,20:00,20:05,5,108
94804,5,SPJ,SAMASTIPUR JN,1,20:55,21:00,5,159
94804,6,DBG,DARBHANGA JN,1,22:08,22:13,5,196
94804,7,SKI,SAKRI JN,1,22:30,22:32,2,215
94804,8,MBI,MADHUBANI,1,22:45,22:47,2,232
94804,9,JYG,JAYNAGAR,1,23:45,,0,264
